{"version":1,"hash":{"type":"Buffer","data":"4Rv3w2anqMzNzn5UdLbxlHRZ+SBOuGaPBRE8+iEZLuwELIRR59hHHbR9KI10PbCyg3y2g4T0/rXht1JcpGXCFq7paLMz9JEfpPOWQfjagp+JpajHkISaQC2yGEgHb92feuhittlZtrStz0c40dXbhX+0sHMhYE91E1v75soWYMI="},"indexValueMap":{"AOHATfV8UxbdMxQMZSa4/izKzY3X7SfFYOw42Y8hIGQ=":{"valueMac":{"type":"Buffer","data":"c3JzDbnqKux6528E2nhyM/tEkGt2GHIRLhv1BrD5vxE="}},"sDPOqy2LzZfY+cDJWs2PLY+6OhVz21XaO2RQWoT+eG8=":{"valueMac":{"type":"Buffer","data":"b2dGz08e13erteXkqVlJuHvM3gyj11j7+7Yz9qdpOTE="}},"kqtafC651Noa0tFjk/5kpVuhZQuw3Dlx+DLCm8hbxNA=":{"valueMac":{"type":"Buffer","data":"X8kr1cY4LSSsqHDwrR6syZjWROXjgoAtUWKA79ZklCY="}},"fGKqM4Roq2HYg5CHGspUmHOaeYaOvv48tu69pSvtvbo=":{"valueMac":{"type":"Buffer","data":"k9Ai2YLAb+JCDN+fvIpFrV+mUDOMhYmFoJARsj7ND+4="}},"T86FkwjpkCXPx8yWz9/Tp9NQJ0lmbu//6oQPPCDO8D0=":{"valueMac":{"type":"Buffer","data":"atBZfi53bgHzMru/jax43qobBXxTyezklpsFccvlw0g="}},"Zd05x7whs/PiT6U4ShalMqTopJSTgjHHYCzS+BqM1gg=":{"valueMac":{"type":"Buffer","data":"meFK38bEnTIMnsP+v/ohUduWsFkEwiCGGDder5mEMYE="}},"yCtq/KN2JuMtY+aaxCC0wtYHvbjzUaBEWDZo3OkjR70=":{"valueMac":{"type":"Buffer","data":"pBofeUChJLzhzrNhUcatpf/ulgdEF/z9eRRmMmwabFE="}},"fHXHR90K9EXUKDhnLGeVpk4ydf7XsA7RxOvC3803VOA=":{"valueMac":{"type":"Buffer","data":"iCSqa6jV8J9Kkr3J+ZWw5NFLR2B+KBcmkUfRvG/a1fw="}},"4t12Ao/v/B0x0iqY/Cs9m/Hb5a1fpvuafcDnUynJUN8=":{"valueMac":{"type":"Buffer","data":"uu0LOpSZB9I3xQoGn9BaOnmPoqdK2BtQubVTZwLPHfQ="}}}}