{"version":1,"hash":{"type":"Buffer","data":"t862ViozKy0AC2DXVRvh9EJ12pzS00glCK5yV/qV6+SO4ITHu5eI/55P8HQXYehpf9oQ2oMJi8QVFbrRf818mNDUOTHDwgcc8XtgyNqW95QfSoSDrG6J7jcb/X6t55D8WJTdHEWmHTeFo+u1VlYyd6yCz8574KIv9K1qVO8BBZY="},"indexValueMap":{"fp68J3CdhuUfWHzLDoIUMRYkFHIFqa2NUHNSp75qhn4=":{"valueMac":{"type":"Buffer","data":"1Vzko8wjs3P/OBs6p66wVTu9u5g0n5uAsYDpVxWq8e4="}},"/h9eUtkamMIFxk0JlvGg97Sc0Ig/CT1gH0FE1KMNKac=":{"valueMac":{"type":"Buffer","data":"7w3CaQnxLeMDZKOa6kKEdJXQACpTQC/+EsScCmbjy9Q="}},"d4tCGBadio4ACRoXY1XmUz/plnFL7914NykWXPHKZZc=":{"valueMac":{"type":"Buffer","data":"1+5tvUFHpCiHbM1u5YDgZH30Hr1uQ7is7p0SXoiNZUE="}},"R+qJ6JBClgrv9NIVNu342MyOvO61pOmoXHTx59z7cVI=":{"valueMac":{"type":"Buffer","data":"bfb6PutcpkzwGbPiFWlnyXTcnYRFN7H53ZY3+eiO33o="}},"N9tL6VIJ3qS8Z72TNGmLJoqpUW4cGPzD0wHE2ZiACyA=":{"valueMac":{"type":"Buffer","data":"6fg1/xeXlJmBW8oVLOqNWYrbUQMSWyw2rJeVBG91Ca8="}},"PhCdtLKAQeVXVmPklwh3dBTdDHEKFrUgWRYz7XaqpNE=":{"valueMac":{"type":"Buffer","data":"R5oUfUiJLNKytPlavLV6gpCKIWvjXThzxlfs3kyewIY="}},"W1zDfq/KWRJ2C7yaWIPoNn24foSAbCeD8Q9N1J7k9QE=":{"valueMac":{"type":"Buffer","data":"uj5Hb5pFZr0Q6neI7dTn9gzfEnN1V5A+urLDqbqX+9I="}},"Fm/0Sc4EiOneiBxtM5i1pUMP024arSvyjNI4K69P7EE=":{"valueMac":{"type":"Buffer","data":"mVbIWPeK7Un9V2zmPLkTWtszp9ltqyiWnjIGa4crZ8Q="}},"Pp50M8blQehpEGOqU7egG7E5O5JjEd8U+nRedG1Npxg=":{"valueMac":{"type":"Buffer","data":"pJqwZn/5m523t91sQcCSWQa95aw5aU/YzI/LnmkE9lM="}}}}