{"version":1,"hash":{"type":"Buffer","data":"iwsL0RQyf1A6C5N5xE1BDoBefbM5c11U3MbNu75p21AxBMI8GGNAu/VME2oJVxm4ZEPBl+0sk3iYOy6I8ff8t5cPDv9mQ3G68jtwTVYBvcIbm57ieheOkneobeKt2UNVkb2U53J5dm7bMr2BSBPhBcIxaY2+iFQm7PzHN7aASu8="},"indexValueMap":{"5GzhCuvcywYg0ach08xf4E5LQ6K/tcdr/4rRKwy11fU=":{"valueMac":{"type":"Buffer","data":"Ab0zM97yn3lXGLO5k9YQ4+YdsRbwqyZASozG7BPWEX0="}},"TzCUlWfue8uDSxPKv4sLT51fKKNNqbR5Hzi7JbsA5xo=":{"valueMac":{"type":"Buffer","data":"STpz6uFJ1i1NiZIvD0/dboTaasfLbu94us2lIHEaT/0="}},"Em7zL844G2+x02CQjGcW291C+bwrOivMoZiaG33APfU=":{"valueMac":{"type":"Buffer","data":"nVeXfKhy6JvkUUUPiGWOSABUIMSRWMP6CuzfM9ltj74="}},"BxFEbog26IFc6TscyN2yW59OBmMHI5S42DjLvZMZtco=":{"valueMac":{"type":"Buffer","data":"JyQElXqnvX6XC5sci6FPoZAPB1zKuoOnQPjADjqwWp4="}},"ApHUwKE0q5fFIuzIZp6I/SZJgzdg8ME7qd99/TQc7Us=":{"valueMac":{"type":"Buffer","data":"MyusAUh39TNBTbawrqcdmN2bx18UG/fcYrfAYw4MDcs="}},"hZUhfK9AAMpwHTnMpDzfAzEeoWOzvEYaeu46fCR0MYQ=":{"valueMac":{"type":"Buffer","data":"L+0JTyICK4ev8rghZz8pLaTj7B/48xvrpl6N/JCncBM="}},"q4N7Xg1OuaRY0+aQlItMiXi8+ZC3WPlH8tu18PG3BQ0=":{"valueMac":{"type":"Buffer","data":"MrAG+fg2+geeHU+eIzQWLiYyRjkaVrcWla2EnQnk10c="}},"sVLwf47X9+3FUgQLQhBNku017z6BsjopM/poCx/DkeA=":{"valueMac":{"type":"Buffer","data":"OrBGI8NMSCgahixoiAjuqqb/9vPh2wBjDks0VjGz8nk="}},"BXZKEOa2hyCA5wreP/6B0VTIx5nuZwNMb/AaRaPuV+o=":{"valueMac":{"type":"Buffer","data":"UOFTNUT4LTTCSR8GLrcofKa5K8g1DHWAEOLMKH9r2L0="}},"e6aHqMsiu3Z0itFohoYUqroZn75XeDJdgwquJy/H3UA=":{"valueMac":{"type":"Buffer","data":"v/VbycH/njHuDbD6+6ESgvv36gIxDaiYQmxEmjGC9k8="}},"icegATiFtvD7xI883e5XFAccxzzAet57vn/pBBsz1YU=":{"valueMac":{"type":"Buffer","data":"orXr3eGaK6HCtLGdVaYwAbCD0LsDizMMVEEUar1YbeM="}},"+LZRCh4dUmyB83ONZUQbBxIyYZS6UDW6kNUdYToisYM=":{"valueMac":{"type":"Buffer","data":"Vn1G6w9uhcDz25VuwiK/N+v2G53PhuUrU2/jK9sWzu4="}},"MyrkEyifOzd182agLkV7jj1IUUtLKHIC8C9sKnXaFNU=":{"valueMac":{"type":"Buffer","data":"KPXfAR747Xrsecae1CCqbo3Y/GBdpByiuVX3iz+tywU="}},"KRyqOIpe5ZrLmW0eNyCdYevYJaozJPseIZLI4qcxhmM=":{"valueMac":{"type":"Buffer","data":"WgfbqZ5Gynsqda9N+/pkJvTGkMpWyoQoecVOzYi5nR4="}},"du1Bdw1ip5hPVsnA70kPbBb/0Q5dsgXDExG36sFQYuc=":{"valueMac":{"type":"Buffer","data":"FnjNBgF3siVwmEIpWGPwGcaLumNX0QX8cIrlD86QLVo="}},"ewbf45Sgi7oNfn6kI5EdqDBHntEdwZ5t117aW1E+92E=":{"valueMac":{"type":"Buffer","data":"WSPTYBZHwk2IXYirz/OOhpxv9zABb9yebZdh4PjXiBQ="}},"eI5jUwHStC7eP9zrsbKO6tKu2q501I2AkS6FyOU//uU=":{"valueMac":{"type":"Buffer","data":"IsPeRygWU1Cvi0u5rxhLyH1WT0tsc1c9NCYxwDl8oiA="}},"vLD8/9wY/nF/rSP8KknXdkTxujNzTZc+JsyJ6lQsA1A=":{"valueMac":{"type":"Buffer","data":"HxPUMbuR/GLNvHTj3Rny5jNeCC2DaXY+CJTPAr/tRmI="}},"TOq2n1v++bXrx1X6Ku8vWn8NJwEug4o46d3ncNjnk50=":{"valueMac":{"type":"Buffer","data":"GASA658QFy9eQToBp/82DJgHqujNT+sGS3bT+r4mICw="}},"U+55WwC/6QEGkwD5ZVcwS2GIVJbg1vSGhiP0r7WfrAE=":{"valueMac":{"type":"Buffer","data":"U6y7PlEsJ20lC+PBQ4aXu1nIAgiWIVl9U5wYOyDzyp8="}},"tjfpZxJAMdyLnRNpY/Hq57lAoLOjdeVm97S8Lhy7Ess=":{"valueMac":{"type":"Buffer","data":"3l3unEbfm4aZBJXnCvQFkLEXzXdVXHguJmNb1mEEUuY="}},"33B8sQS1AJ5Ve6O4n1uDaOnSy1T21ijE3gbnlTTGqE4=":{"valueMac":{"type":"Buffer","data":"i51DMNJozyyth3uehk29Hchyl2Pt3H27OG3sLa3EeGg="}},"6ZqSzrH2LuCbRKBeTGsVIxqvMYvehtj657/dSxG7L7k=":{"valueMac":{"type":"Buffer","data":"dYr2YnZWUzNMttrMPgzbJKgfNdDTb4Y6GXz0kNqUYQ8="}},"I2HZpC5/NfaVBYNpf3AigBWxFxzm9kawbRqGCYLsfaw=":{"valueMac":{"type":"Buffer","data":"nRHfm5IXyshQoBc3dsosuaC1PvvXCLAKYPqZ6B4Wfw8="}},"81p2z0dNEmJkltAgXHFV9UnEWo4Su80SVkf2O6Pikqk=":{"valueMac":{"type":"Buffer","data":"3t0kNTCkD8sWnC66koyP0uuHEwAHIXbNffJtOCmazuc="}},"VW7QMDNuJugrQ8TyX3vdnLfKuJA2x3OIX1e9zEmpbIY=":{"valueMac":{"type":"Buffer","data":"39aVNh1vNRBDX0fNjx1QRATFQO2Gki9QbZXWq1Eu7Po="}},"FFhhc7QPWBK1/fjGrgtOGsuSoVfNm1Kxe5Pb7Azyy7A=":{"valueMac":{"type":"Buffer","data":"M3m+yMBduqmrc+tmpl5KRH4e91WzMOiAzzJPMsmSR94="}},"Tb9BwQPIBSMR9Iroym5R7Cp0q2OADa8g/rmwiJ+zxYk=":{"valueMac":{"type":"Buffer","data":"zjuI9DbBVvbQ5aeHt/yE/PF/m7kG3sZDbO/gr4FAb60="}},"gZ+N7wsIVaFWrsm+EPuWKlyzsJyT71Atk4mI+qrqZWM=":{"valueMac":{"type":"Buffer","data":"wE0bQvGrcwXQXZDPTvx3jg6u5I33LWYf1XtveCD6VP4="}},"VeDiXoVsPgR/iy1Oy11aGUkGuFhyS0QlxnR3ejyq+Nc=":{"valueMac":{"type":"Buffer","data":"za/f1vm2JAgYhhqHmzdzJZhXri30gkByDTgTJDcoCGM="}},"K2YkDEp2LT88Htvh2HsX9IT5iEnynbj6xuGxSDYNIlg=":{"valueMac":{"type":"Buffer","data":"yg4Ev03FWTMO2lUTsG/i+ROObpBUGRXghrqX7oVs6M4="}},"MCjbtlMW/NvSAlb7v+CUDDvBuv70mlKrgNtvdeIRaos=":{"valueMac":{"type":"Buffer","data":"LyA6nXfGc4K2tcy3P266wCG+GRtte/nwR7phRn1J0k8="}},"R3Q1G7jAazx1DWXJDEljxuDNyrHUOOYchKv8ygsZIFs=":{"valueMac":{"type":"Buffer","data":"EVvf+NbCVsJiqHSlrHftk/yJP254f7hKzBClTRFQkAQ="}},"pSdExfHSaXBVRwGXRPBhuSO6WmJ3TMjdoozdyVh7aB0=":{"valueMac":{"type":"Buffer","data":"ory+wyl5ogTyKSdsqnOEjWg5T+Llm8a+/642YfijpvM="}},"5Y7HATVeCGQnbm7HxvPIxND5UbxsZEVdblmO5/E0Gp8=":{"valueMac":{"type":"Buffer","data":"Wj4U+CgaQV9/Haqqk7k9mETlcy5QdFmeIH/Ukd8YmVA="}},"8VUCf/B3bjcEEWjeSdQhmc6BQ1uGf8bTqLKme9efuXI=":{"valueMac":{"type":"Buffer","data":"NF0GIPFmdQuWQbfqQfJuD3TNpttTUJNs5wH1F69XGTU="}},"NQF2hXH6Z8gjZRXJvST1rl4t0QJS94nPfSMmriIbJ/E=":{"valueMac":{"type":"Buffer","data":"W3bR1EHCmszYzo5iUND3tQRyYoV20RAcfpqBq8/2HPY="}},"X2U5rvrAOvAoFV/VuMyUj96AKO3Oe7TdGq9Wo5Cq4Qw=":{"valueMac":{"type":"Buffer","data":"XCjpXOSU/nO0qWMrJsJmpdbjSYF739te8/n31pood30="}},"NCws02vao+vrW4IIYt8P8aLtzxYOsgOkThRZJ/KhOsg=":{"valueMac":{"type":"Buffer","data":"dicpkJKcOgN1qjIaisIIwR/UzTOKfgdoyslkVoCbxeg="}},"addg2sUJjnt+fC8OPSI5Yk8xm67WdY7DlECcjCPrfnc=":{"valueMac":{"type":"Buffer","data":"tXKCWuV2e1D8icG5wD7GS0vUwHmgeRrXzLaxeVq74Tg="}},"iBauhFiy77SBRD9l4QnrXygTa+Opkhf6HjM0zb5YvYc=":{"valueMac":{"type":"Buffer","data":"yDp/H++voXjtMptfoNB0a3KOO6jEDBb2vVEUA+1ohEA="}},"FV4wXdAal1OS3S3/Qw+3wCYrxUsPpQBdq2bA+f5MwFs=":{"valueMac":{"type":"Buffer","data":"RjeYQXuRaLkhvZ29Z7TMAkcVt4rolXI8lx7OwRNPQl0="}},"KM3CqscfnhtCoioG3xRtZGGJPLk8FyUNLWq6ZlpfsOE=":{"valueMac":{"type":"Buffer","data":"GlXb6A3BTNS4ArNG8lqUwN63tmDGLp8Ws2u33pKi58c="}},"w6+y/pERK6dY2lPUu6HS8JduOfrjBhBjE/WaOqw+CM0=":{"valueMac":{"type":"Buffer","data":"Ss2TdJ6hgVui6ZtOG0pt+hlhn7bLN5XGYyRogKy4+aw="}},"fe7AziRMy4g4sqkqq77PR+RvTVJvVHCCw9kWFlYsMX0=":{"valueMac":{"type":"Buffer","data":"kyanJrQGNw/2L/kUJbV1fX1Eto6P3f5e3pj8ITB2wJ4="}},"uuNLH4pqpmRc/fJdOw+IYbkLtOlpB1Ukr61rsYG3lH8=":{"valueMac":{"type":"Buffer","data":"f8UyMHuIAwJaOkkdHk9qDKC6SL+6xD7ocgNDcGfxmno="}},"so6fjgokms9zOqEG/AtrfJpN1IEKs+HVUPVqetwtn9g=":{"valueMac":{"type":"Buffer","data":"9tk42ket+xADLPkyM6O9vM3TOJAtLkNKf68PjZGB+Kk="}},"KWZooAG3uW+VaYIOM1sFZauomZGW05mZQmRXkvKnKSs=":{"valueMac":{"type":"Buffer","data":"fACgej6lMkqhdaakoyZPUnJXvZ2PDeM0QWjbS6bPb/0="}},"aIPBJ3tSPRxbZUuwQOuox9osAAOEf0n3Dg9ud8ijmyQ=":{"valueMac":{"type":"Buffer","data":"nlyMlyql7wcwnFdS+HwjfHuYFMwWpAHqt9gNZ/v/LP0="}},"08ZTsFDmZ8CLcJ7Nrm2HoDB82QesVE/YGs/Czcj6Zh4=":{"valueMac":{"type":"Buffer","data":"s+FymUAFgeDbWS/9IgQYxe/z3ku1g2f4ytfDSck8icE="}},"RUrHD6CBCZ0Y0u7tCDtYJMShxC+INDbxoaPblic18mw=":{"valueMac":{"type":"Buffer","data":"w4cP+fZOXBrdKxXpD45kxoQimbmGfEi6L4DZQpGwMCw="}},"9th7o0u5Zryi2qkMU/rwz8T5Ik0vXBndVuGpLnkVAew=":{"valueMac":{"type":"Buffer","data":"v5hzd8YbtxfzITGLmfgBFGVcZfHodo5IWMJ/XuQ6WTE="}},"zwzfoIK+uz0l3pcWoq3XmmuyX9ogxudJSKYrR6eg2EY=":{"valueMac":{"type":"Buffer","data":"BYTPTtZ1mE95GRNMtdohhfOQ5rHBI/cHH3tVJN+xsTM="}},"STe4bbnKwR8bppdpxAblw69Ll8i+bbOVB22F86XDveQ=":{"valueMac":{"type":"Buffer","data":"wpzdMrwJKX2JNq4KDY8q9qi/ooHHPHrlAobH19oNKW8="}},"CEGc1KkQQ32lvqvg9JBacsIL50TdrzK88Xy9mouhT6A=":{"valueMac":{"type":"Buffer","data":"YIhCnHm1NneaML1nqhFEuwBK5rHsRfgnoNq5naU4zT0="}},"LZZ0O8euFefbmWHathJBIQFscGS7/Bwh+bN5dMJqc08=":{"valueMac":{"type":"Buffer","data":"TJ6YYrLMJ5ERdD2myW3z0imk5/kHVmJdRxtENkjQ8EA="}},"MSQ1zPulKEpFNBo6X9xwMNFZcspM2qOOpoAM6ieskk0=":{"valueMac":{"type":"Buffer","data":"iDqenLCU0eHbfPrx3gcFDbkFoj7vYWNo2e/iQNVv4jI="}},"Uj0P4Gwk2Fr1ehiGhHGn/JcQDhZEapuYPy3ylLTDnUY=":{"valueMac":{"type":"Buffer","data":"0uFie72dKaZoOWJGt+/odPML1Htwc61FsqifNuaEKJ8="}},"yi6qLFpxRIrhK5h49Y6NDVOPWuXpeNCUN2xz0+0DXwk=":{"valueMac":{"type":"Buffer","data":"X9XoHqS6OB/FWhwRlEgUcLxVo44VHKhg2039OjxkK0Q="}},"OKWwlKaBlJqoruq5hZsevAXsKu/6WNMdGQxcoAOZCmU=":{"valueMac":{"type":"Buffer","data":"kearohXZv8IMD+4zeENPxnCY+aqPMY9CGmQx8lv3bp4="}},"gLf5NMS5RBIMp3kCamXwimRfTnd+fKI3fXOQimZ+zKI=":{"valueMac":{"type":"Buffer","data":"szjgONRscAgcQ8YOsbK4sSS4fbjfK3XWJFP4qOZgCR8="}},"Q1f7KkS8zDNxSK5/3bGYll7AQ/VArihcyYZW2U3gEEM=":{"valueMac":{"type":"Buffer","data":"0ZBu44mv4Qpoht7rAkbdUtp+AQ+174hu0ftSPTN5Wo8="}},"eXyEw/ZxmQzezOIG9vTJu7J521L+1z1FrzggKdr3N+U=":{"valueMac":{"type":"Buffer","data":"4NwVloAVmhHTKJkTtLm5h25cQyYEPNrFzLGW5bFqmVA="}},"3Qk2brfKSvKRk3IFnYvP4FQWPhjdeSEDq+BDbQ4rzlo=":{"valueMac":{"type":"Buffer","data":"hCK03odKuvFqTnROSkAtxjTMoCjgcSu60zmalOg+PyI="}},"lvyUbLs+CcM1O3wreu0QkjKe8Yh7vVC/JLhRlb0C5is=":{"valueMac":{"type":"Buffer","data":"NOWbgB7Iu2f75clazL7pD16tdld/61Ohkb6ksEUa3w4="}},"XYY/hINK55712e0mVYZpghrsqKVA2xBefTS/BJ07vAk=":{"valueMac":{"type":"Buffer","data":"5c+a/nUrDqNQgYr/PAT2SA1roResZOqW9sYlnsmWKD8="}},"B0o4ciMsFdb7Zv+Z2JxpPcLp1a5rn1YBajXLIGFyKdE=":{"valueMac":{"type":"Buffer","data":"rrYqgg+UL5zwf+5hAcNXBUgoKj4X7BipLaAMjC4xXSo="}},"/WUOWHryrXH0YbsS3sd0l+9KJIrwQleDSzpAXVdWmfM=":{"valueMac":{"type":"Buffer","data":"6hJHBUIsU8S482JkUYd5LOTfEbhszF7oL3AGNDj6g7k="}},"0X2pab6JptjLZk65xT7AnGWeSrsB5RkH4DLJ5/1QxLU=":{"valueMac":{"type":"Buffer","data":"o8LgcwPIkR2CYCjwB52RU+dAFW6XIDvbe1i5DA3EGVY="}},"TKwa4gcrFLP7Od7d6qDDEW25pLaILTpMCgzUPvWmKZI=":{"valueMac":{"type":"Buffer","data":"a2nydhsvEOX11uOl1Tv0HbUVmne2pWKCgpxbQUJbCx0="}},"v/npU2Ih6uTUyPArMJ112jz2/ig3teJzX3kxZcmZsp8=":{"valueMac":{"type":"Buffer","data":"7dDoaugt56Z/d3QOlLCSXSElmfGPw0ToSV5STLBn6rY="}},"l7M/GDXZhepNJ8oj8RrUWksoTRRTgaioF+fWzBimTfs=":{"valueMac":{"type":"Buffer","data":"r+V06lQWx8Il5JM1MJJmJvt1TAQkuwWaYuPmjw4A3ek="}},"6H1G/zvw14AaOccqe+AzX1UnmppGENs7/FQI2PjDsyE=":{"valueMac":{"type":"Buffer","data":"nN98FdirYCii5Je3RfFER+LDnzY8Iw0spxqiwqMn9Fk="}},"W88VvXtvhO5VbTQvATTSZtqarBhuVux4YiDL63vxcww=":{"valueMac":{"type":"Buffer","data":"CVAimPvQrq5UNL+r8ErDQiri7a2PRaWBb3iTEhlDROE="}},"OEvZWKTnyzatQ/n2TOR1ceVtyjlTyYIld8PZzuJm2YQ=":{"valueMac":{"type":"Buffer","data":"d34uYtWx/5gQ8vyFDai8tGIvg5WqK00Da3+LYrxgwOs="}},"5nMFXye5ZDgXY265fThDyBwgbd8o5PH230tHlUkyj5E=":{"valueMac":{"type":"Buffer","data":"wSiqpIem1qqkVrScRXDC5YeEbWLM6RVqWbI+nsjVGyg="}},"Iz7iXwPOR5Sx6FCQWCkQ3i7k+n2iVJTkiErB+yOA/2M=":{"valueMac":{"type":"Buffer","data":"LJo6t28v5M+XzSw+PApmuWMFTuKcq94acY70pUwFQnA="}},"J4B5+3w8rmXavINV7S4f5H/G3n4Dl0CKLj4wLofzLtY=":{"valueMac":{"type":"Buffer","data":"VRGcw99D3ohPnPAIMldnm/KzbqHpOl76iscI0+/6iP0="}},"i9jwBM3c3aM+gHolRcDJnxpIDKIXI0iDTIfqDVSY/wk=":{"valueMac":{"type":"Buffer","data":"+BrGwg6BKzc5/DL/klXx7/tAYe/yRG+k9VWsOkpCcg4="}},"U4dWce889/R4bM+ETq+p6JFDYaAgj8e71xvnlC3+Pds=":{"valueMac":{"type":"Buffer","data":"6mzy5EKU/A/YWVPZE2NwjNE5lbfVdO4H30ZT1FniYi8="}},"ZFtoO/lqMiQeEn5RsSNpsvaq5t/qgA6krnAQs95esIw=":{"valueMac":{"type":"Buffer","data":"SzZbPN/987CUpXwxnX/nh8dQ08khc/waCmvyqYE9hlA="}},"cE6a5nSmYsf4J3JnXD63bW/q+R6FGjUuTY/OoI4Xmeg=":{"valueMac":{"type":"Buffer","data":"xz0eSmq89cC5wSLEKA5JhR48lWLDl04T0mX96M8dnIw="}},"Fx4DyZR2HjhLJzg3w5wsy+c/kXGS8hD3DM2chseYG0o=":{"valueMac":{"type":"Buffer","data":"NGVC1hqZEk33v0eCKuxShInmAfxXnmf8GT26CODxZ1w="}},"nHXkdkw9ClQqusf8l4f5s4O4iZ2WeD73bWwvGjepv8Q=":{"valueMac":{"type":"Buffer","data":"piXc8pYEg8Cf7RBYzuFLheXS3sbigHe2t/yrNkR9aPY="}},"Ju8yjATJC0D/j7zJ9DzGUyrXnaEx0EDTneryFUCHux8=":{"valueMac":{"type":"Buffer","data":"Nn/rgsP278lDubOixFpgLGzaHj+QA7atKpWyaIVkpP0="}},"VCo2deYTniyE7/oO1Zu5dn5n40jvQLcZnbl2jK1KAZY=":{"valueMac":{"type":"Buffer","data":"pDLKJiMGY87EihUibpt2SGh1bohvHii45DvHagLllJI="}},"tc4d+i0Iwe1/Qzs9nGr8f58xeE9Or06v7lqmxb+0L1Q=":{"valueMac":{"type":"Buffer","data":"lY874Ta+Cch5FcY4rrc8JZH6VqFvzeVJ6LwoQ2DanCg="}},"K4hxmLnU0iexdY4cFQb9weVSrBOfTmKZS6SpgV8Sk60=":{"valueMac":{"type":"Buffer","data":"PwGbWHAXmtuPiUUndfv9cONyJGbQVHt0zQ8O5D8lJvE="}},"rDepOCneczq1McRUMW6cuHXFMDsnIXvMgL4RT0X74XM=":{"valueMac":{"type":"Buffer","data":"z2FBTByhu0VY02v7g3QoLburZGRIdpS2KIKAo2Hq89I="}},"ew6E/k6tlWLyEPt6TM0mqH9OlCP6u7jQGLgEgA8lgyM=":{"valueMac":{"type":"Buffer","data":"oeZ9r0BRb76tiGAo5jiwrywmc2bhaNMHAk9thULJ9mY="}},"HE387oeTDZUwCl3U36oJFO7/3EVmqUx2DEseTHqly/M=":{"valueMac":{"type":"Buffer","data":"4r3p/YzlghFTrfNIPTjGNF9BDDCxjHAe3pOXvjp9F1A="}},"lw+P6WVUz3MVegpLNExOB+CABCMXHWuMMm+3m8wdBRk=":{"valueMac":{"type":"Buffer","data":"uow43sAt8SN69kwSyLDWx7hfFaxCZWvSGqWj8RGYfy4="}},"ntTPt6JoOokpRl62hRhABY2bO7uUHzpvZSUB8XC3Ugs=":{"valueMac":{"type":"Buffer","data":"0dGjNP5LBR2ekZXWdKhAIUqkwPDaHgOQlRYRY7+ZISg="}},"UIReplhxSCqlYY5uwDCpDYkQ770WcZpkYZBAFZAsBbo=":{"valueMac":{"type":"Buffer","data":"XruhMxxhTV1DIQciSBQKtSrIyvkzXZXSnqfGJgvLQpw="}},"ifHa8JWlkAWVFuBwLasY1XiktA7B8kBhjOLGu0+fTec=":{"valueMac":{"type":"Buffer","data":"6RpI7SjAjWhPO6FsWUpYpycywV5VtGhXlTIyHCXayo0="}},"YgjOjghfu/ne+OYpIQeQ+/S1Daza2NgcCKvB8DrHjv4=":{"valueMac":{"type":"Buffer","data":"62YMdb6UnSDg5smC/EMhwwiSAEjmGpHP13yWqL5SDyU="}},"/L6b/PdspKMf6HMdsX7445TSDiIGAN49j/giMxcHEp8=":{"valueMac":{"type":"Buffer","data":"HMnB/TBvCZ2C8DTlP1c96uXZluL3Kbf03aSRoxj635o="}},"dzx72sSExDTSWhawNJkV255TdSPjHLSYYBmGP88nbY8=":{"valueMac":{"type":"Buffer","data":"1OfUFE//74lIeU7ZH6Srig6c5dpMfsMDUn4qKup1Jhw="}},"DeH+1zx9V3AQsWgZ0sEcofK72DHR1M5B6P9Lps28U+U=":{"valueMac":{"type":"Buffer","data":"wH+4WLFkg2Cpb5wmxZZe4xcYmY3CNq17o2K7FYt3e54="}},"dbTAgVsAX/kDkNO7Nw55WNoVakJhZdluOfYW+iAm/TU=":{"valueMac":{"type":"Buffer","data":"r2YlTaiijzKMT+LLPpR798evtsJPAvPboj0/XyxDm88="}},"pgb+ToCCtjl+anBfuKKl2PoF9O9CQ14fVCpdSP0k2KU=":{"valueMac":{"type":"Buffer","data":"gZ5HbUxIYJva+XFHvmDLppMwtBkG8FqrZBHQ/D9KLwU="}},"cTeINjEhymwRJ4SvKAh6T6Y6pHsK/DjjFum3V+vHF9g=":{"valueMac":{"type":"Buffer","data":"Yb63ue0y0urDEKRA/q0OzGbwA4BccVKPsMWgDW7BQZo="}},"htSvc80tpohHqGu0vnUshUARQXPcnkKk8zpvj3hwDGA=":{"valueMac":{"type":"Buffer","data":"jZ8WDFZIS175sUdzjd11tIpnlE2Q81XcXVyerzTNgC4="}},"6PNd74zn/abrzsU6IUziap8U3vaBEpmqsh9xjxXpXYQ=":{"valueMac":{"type":"Buffer","data":"IpPbBPgqvcypsAeYsNE+44wR3LhAev9Tsc5QZqqx69I="}},"E5Ba1QHmSHAps5Lu+e+25atArpoVIBMTuxidoOv3AhM=":{"valueMac":{"type":"Buffer","data":"XcXetkwJgXsf0lVtNqLE0nfAmpzTsuz6s1hPZqkFvtg="}},"MjM4M2ybd2nUIybDOB3pkLmKVra4TnCF3AN7sqdVTSE=":{"valueMac":{"type":"Buffer","data":"KkN0LflrYh8dfLLlbjmx6KUrq64n8zwY4o61DCK5oiY="}},"pAKTMuDWGZdrDmilnh11bSZTxIX0+RCk0XRvKYPK1Hw=":{"valueMac":{"type":"Buffer","data":"S549d0Ao3u85xh4oKBCfn0qkIX4wQTIiN33xpW3whFc="}},"2JZJd1K32r0On6xIl2pQYDNLQVVClFrqfKwW8mzumHA=":{"valueMac":{"type":"Buffer","data":"kjyFBCLr2ayn3+CA/Ix1J0ZDZN/utQAFc+yk7otg5zE="}},"lYSeod+0zxkPr1NNQLV1E/Q5ANh0V/+pY+V+rKLIKfU=":{"valueMac":{"type":"Buffer","data":"oqT5KwE591iZLOmrz98gXLF3V21qq7qMSAx7Vnb3kIA="}},"SYxBk4tDkIstqDsovJlQxcjtuqk0zVnD31qzMg4ONu8=":{"valueMac":{"type":"Buffer","data":"nNI1reozyUne3dRMFqkHOClpkk2c7gp49EDSypDs+e8="}},"nSN+VNmblPLkaeRhWmYCM6Aea+kuEFD9Ztn+3LUGWBo=":{"valueMac":{"type":"Buffer","data":"9HWV+jw7vLaQqTvF4NDiH04Z8ShwTZUjMzIxcWvVyQY="}},"hM/hKmfeNke5O2W0Vq35zbxULTfjMqMAjwBqTKGZJTw=":{"valueMac":{"type":"Buffer","data":"rjBEFivD65Ehf+3Ia3lO/BGm7/YHKRVCBNNXrZc2Yw4="}},"zqhTtSWiRBts7PfDZkOUjdh6cBFygV8GT0jYOtVN7A8=":{"valueMac":{"type":"Buffer","data":"WCWsQ7E1vLfznQYRtbhSUU8Ys1CY39oSOOgSeA45CVM="}}}}