{"noiseKey":{"private":{"type":"Buffer","data":"SLDn3nQdScOPVFPzqIlZAyX2sjJwf7SOzFMEBlr9EkA="},"public":{"type":"Buffer","data":"XD45scRKNVd9Nvx2+QfYdNaDD3WbRMq0dtInT4hz5Bw="}},"pairingEphemeralKeyPair":{"private":{"type":"Buffer","data":"INquWyXhPyA3bfL051lWLbm0GYoPTvy+ApGmcGZTi0Y="},"public":{"type":"Buffer","data":"DARI7iVvdwZrcxtpY2g7ysJPvNYSwf6ockCHOJLDrjc="}},"signedIdentityKey":{"private":{"type":"Buffer","data":"wPaPHTokKhabzcbdNatNuTXbK0FthCHmBhTgAWOrY2Q="},"public":{"type":"Buffer","data":"8Yyw9BgHQvVELW30g4/oabnazH/lKf8GU5sfQ+sEsE8="}},"signedPreKey":{"keyPair":{"private":{"type":"Buffer","data":"qHLLsc05Oy2d9k0zhSMu3kOj1sG3fqdt4+MjMardF0E="},"public":{"type":"Buffer","data":"UspPeKIgNbRiVrNpFYQhjllO/PTODOAOm4FnY0R7mE4="}},"signature":{"type":"Buffer","data":"ElOzzPCaFzoLNAPEKOht/BRbEkEIXHpuxW7AgRKgAPqSy97jKAqo8UQeGMxrkkQMVvdTdv3y6lOl2NMCf46xjw=="},"keyId":1},"registrationId":72,"advSecretKey":"eOsJiqV0q/emS9zw+vlBi8b2YlPtxwGmJVIXGZnFAQw=","processedHistoryMessages":[{"key":{"remoteJid":"14146006289@s.whatsapp.net","fromMe":true,"id":"D08CD17C4A96C507AEA8793E9DA27E1E"},"messageTimestamp":1696126028},{"key":{"remoteJid":"14146006289@s.whatsapp.net","fromMe":true,"id":"A7BCF8D54DBD6E9480A15775FBFFED94"},"messageTimestamp":1696126028},{"key":{"remoteJid":"14146006289@s.whatsapp.net","fromMe":true,"id":"9109D0D1A22F09031E3E728AB47E3AF5"},"messageTimestamp":1696126037},{"key":{"remoteJid":"14146006289@s.whatsapp.net","fromMe":true,"id":"1E446090EE5B1A095A43322E56BEDF68"},"messageTimestamp":1696126038}],"nextPreKeyId":31,"firstUnuploadedPreKeyId":31,"accountSyncCounter":1,"accountSettings":{"unarchiveChats":false},"deviceId":"hiCRJnqrQleFkMX9w6pw9w","phoneId":"f929eeff-5cb4-47cc-981a-957d5ec6fbfb","identityId":{"type":"Buffer","data":"OZ87lOIKM+xx0sUQ3t1xjyNokcg="},"registered":false,"backupToken":{"type":"Buffer","data":"dKJ0Vi1OCNEJlMQZP30+vJSbQrQ="},"registration":{},"account":{"details":"CKj+n+AHEMao46gGGAE=","accountSignatureKey":"JX9XfU6DUCXwFcI8NYfPg4wpMZ7hWlaxX4synyoZJQo=","accountSignature":"tgD6XmMG+w3DQiXRMOLZZr9KwWNt2DHmFJmtdFt8tZTLD3kkP+HXFLoA9PlD7Ck2UftJWBW2e+2XGZy2g6IzBA==","deviceSignature":"Ot2Cl80DNdrNUndQkXC7lcpwxzeYgqqPeu3xRXfqlI1S6Usga+SeAIi+v0SaFtCg2Xv+9V1mjPfh8NAnKaSsiQ=="},"me":{"id":"14146006289:2@s.whatsapp.net","name":"notifier@boyne.dev","jid":"14146006289@s.whatsapp.net"},"signalIdentities":[{"identifier":{"name":"14146006289:2@s.whatsapp.net","deviceId":0},"identifierKey":{"type":"Buffer","data":"BSV/V31Og1Al8BXCPDWHz4OMKTGe4VpWsV+LMp8qGSUK"}}],"platform":"smba","lastAccountSyncTimestamp":1696126025,"myAppStateKeyId":"AAAAAMYp"}