{"noiseKey":{"private":{"type":"Buffer","data":"SNCOAQjKY/9EAfMDE9uOaDgAS5wdzgY+S4bafkyFpWc="},"public":{"type":"Buffer","data":"dk1w1sPHA+QNSp0+6NdXn3+Yx02YMa0dABKasHEyPh0="}},"pairingEphemeralKeyPair":{"private":{"type":"Buffer","data":"MEuOsmiKlKmSBIUf+eYU02cdswXGwKZf23gFafJIxHw="},"public":{"type":"Buffer","data":"De5E/11mafH7ND7zDuq5TgWLBoTcfjYicRz7GtkUOBg="}},"signedIdentityKey":{"private":{"type":"Buffer","data":"MLo4oS5WgoTlHLSq21EYvgiPFUPOlVXt8LwzA59NGVQ="},"public":{"type":"Buffer","data":"vDTjUflNEm2pkSFwRYMnpM5uWpeWSlW43ZXVNUW4eAM="}},"signedPreKey":{"keyPair":{"private":{"type":"Buffer","data":"eIf1AAAGbTpvaZeEENdsgCa9rFXSkYjxtb6Q7UJCnk8="},"public":{"type":"Buffer","data":"6N2k0/SdO5lh+HUVuzLbGHAxytG3FgCE8EUxA6NYJx4="}},"signature":{"type":"Buffer","data":"mG8xePq8G1f74DndBBmW1VR+ONhmwAejAVMooo5u6imlgb+TWpXSvOngivWpaCn2elXTaqPEdoZL7PJAPS9ACA=="},"keyId":1},"registrationId":87,"advSecretKey":"6FyFcpoq3i59vRotXlmcbwfh6AsVUNb6wL+equsAh/4=","processedHistoryMessages":[{"key":{"remoteJid":"14146006289@s.whatsapp.net","fromMe":true,"id":"608921FC271BB7832014E1113F1728C3"},"messageTimestamp":1694512812},{"key":{"remoteJid":"14146006289@s.whatsapp.net","fromMe":true,"id":"34D7CFDE95D6FAB3E4FBC453E00C08F7"},"messageTimestamp":1694512812},{"key":{"remoteJid":"14146006289@s.whatsapp.net","fromMe":true,"id":"1F57375CA33F1161073327E70C4EABB9"},"messageTimestamp":1694512826},{"key":{"remoteJid":"14146006289@s.whatsapp.net","fromMe":true,"id":"8763C1D595AA13C611C64AAFB1B09C53"},"messageTimestamp":1694512827}],"nextPreKeyId":31,"firstUnuploadedPreKeyId":31,"accountSyncCounter":1,"accountSettings":{"unarchiveChats":false},"deviceId":"WhosBkH-SDCItFSR0kAtfg","phoneId":"c928dd64-2ce7-4adb-9482-a8c4383c9957","identityId":{"type":"Buffer","data":"xzhJol4lsXYSgVOg+zvDyUWA2Xc="},"registered":false,"backupToken":{"type":"Buffer","data":"FzSv+ClbNIL1P19fqJvmUTnZdgc="},"registration":{},"account":{"details":"CKbDxN0HEKLtgKgGGAE=","accountSignatureKey":"lMQJAB1ZqKsFyfQctSnZWiURz1J0Hio1w/hxhGcbrXM=","accountSignature":"+matAAImanUzbndgsPEy71VSlHedi8IY8tOKKlQvrVfMtjhbeiWuk0npEbeP/MW5yj9+gmvNkQ9usDdCuTtWAw==","deviceSignature":"NyEaye6nU9V3HTeP/b8SE4me7uVC2KvUAY3oqqLs7Z99C3t2DwOUM0TizrtXTW4RW9xJpreRLeo7lDgSLwglAA=="},"me":{"id":"14146006289:6@s.whatsapp.net","name":"Test","jid":"14146006289@s.whatsapp.net"},"signalIdentities":[{"identifier":{"name":"14146006289:6@s.whatsapp.net","deviceId":0},"identifierKey":{"type":"Buffer","data":"BZTECQAdWairBcn0HLUp2VolEc9SdB4qNcP4cYRnG61z"}}],"platform":"smba","lastAccountSyncTimestamp":1694513378,"myAppStateKeyId":"AAAAAJdc"}