{"noiseKey":{"private":{"type":"Buffer","data":"aNP5DuPV9zuwEyQGKx9WYHAqOH5eUlxu5sFcIpVH8m4="},"public":{"type":"Buffer","data":"2sKopeMF2mxBDguQZquba/m64RDo127sTUvNOz2P3Bk="}},"pairingEphemeralKeyPair":{"private":{"type":"Buffer","data":"QG2wCXGsDmlQpj5YQYvRgLPNH40uODPIHT3RXEa04kY="},"public":{"type":"Buffer","data":"lIOeuOoZBzO58kp7zYqOZ3dnXKg9gmo9dNyv4GLqPHM="}},"signedIdentityKey":{"private":{"type":"Buffer","data":"eKI6FbXVJYLQcrKElqRMkBsQXCE728nr+DjOZ3dG02M="},"public":{"type":"Buffer","data":"XYrn70HLkG+vPYZs2SEIMQR3slFc/3N+Hlqd7/jTDl0="}},"signedPreKey":{"keyPair":{"private":{"type":"Buffer","data":"eHyMeLYpFWmZPUZWCuLttkz1LJZxUwP8Ev7HZoOKZVU="},"public":{"type":"Buffer","data":"H2lgk/Okr+0x/GYe52GppSKpwuqdMzQDmDRb5F7xIQ0="}},"signature":{"type":"Buffer","data":"8CmkQb6tIKWoj0Yjxt6rnqAD6ksS3t9cJMK5wcDLFMXyZAJZHah9L9zc/OqIU7qXIvHFZb3dw5aH8lEUhKYBhA=="},"keyId":1},"registrationId":209,"advSecretKey":"tONWDPoe0VB5zFKkYN9fEnKwzph9bmaFLyxJvC+I4kw=","processedHistoryMessages":[{"key":{"remoteJid":"62838377093315@s.whatsapp.net","fromMe":true,"id":"4260D71561A2A729E725D3C6DD83E7DB"},"messageTimestamp":1698333616},{"key":{"remoteJid":"62838377093315@s.whatsapp.net","fromMe":true,"id":"62039443EBDB31E0855043ED3D465F42"},"messageTimestamp":1698333616},{"key":{"remoteJid":"62838377093315@s.whatsapp.net","fromMe":true,"id":"EDDB2A27FA1B06652DD44BCFA8E82117"},"messageTimestamp":1698333645},{"key":{"remoteJid":"62838377093315@s.whatsapp.net","fromMe":true,"id":"18095F305743018C611BF71F6C3E0DB2"},"messageTimestamp":1698333705},{"key":{"remoteJid":"62838377093315@s.whatsapp.net","fromMe":true,"id":"4F680FB1DB55583883873F0CEC492CD5"},"messageTimestamp":1698333710}],"nextPreKeyId":558,"firstUnuploadedPreKeyId":558,"accountSyncCounter":1,"accountSettings":{"unarchiveChats":false},"deviceId":"JhGuR_fiTfekQJK8FayCDA","phoneId":"c6e33a2d-b9dd-4953-86bd-21747a942647","identityId":{"type":"Buffer","data":"LSnFdMbvZEg7EyggYKaQJUjZQDw="},"registered":false,"backupToken":{"type":"Buffer","data":"m9VRV0POJH2CdN5QsRtMCgZ/FLY="},"registration":{},"account":{"details":"CLmJ6YAHEKeH6qkGGAE=","accountSignatureKey":"8DaRe82oY4q2Fv/89dRH4gxLaCh/tJOETkQ+XLA33CU=","accountSignature":"XumytNLojC64fRwqpUe4Psn+gLkMtST2ifLOf80yUDc6XB1YepHhxy10MoqjZnc5v1dz2SuMylFFxGA//Yi2Cw==","deviceSignature":"2iFOB406JXFERuxi4iJbrYktby7RucLUHlsSlvW0NfgY1lAVh8udoQR8BvE+vKp3ZG5cW+lEcD/7BcYDxrF/hA=="},"me":{"id":"62838377093315:2@s.whatsapp.net","name":".","jid":"62838377093315@s.whatsapp.net"},"signalIdentities":[{"identifier":{"name":"62838377093315:2@s.whatsapp.net","deviceId":0},"identifierKey":{"type":"Buffer","data":"BfA2kXvNqGOKthb//PXUR+IMS2gof7SThE5EPlywN9wl"}}],"platform":"android","lastAccountSyncTimestamp":1700658861,"myAppStateKeyId":"AAAAAJ3M"}