[{"senderKeyId":143041086,"senderChainKey":{"iteration":27,"seed":"QwBHUjG5ihomq7DxDxt7IgU6VQYSx6F1DBLaxjse9kg="},"senderSigningKey":{"public":"Bbw5nwf2DpKL43DlY2qIz3Mlbl0jeiu5Nykk2G/JvYxL"},"senderMessageKeys":[{"iteration":1,"seed":"Il7XctDv5B5Rxxw6J3FLZEQ0t7Q/jteBQlyYip13PJ4="},{"iteration":3,"seed":"o++N21lXwO0PfLPJ67j7eGwKvoRb0+RUvqFpT0l+Aj8="},{"iteration":5,"seed":"5eUx61YHcwDSSfd03a9QRHcUvRaeGfA+26QhlWzzX34="},{"iteration":7,"seed":"JWUAF64ziRTq12NbmJOuvCIm5n/1pWCrRmbKrM6TVDI="},{"iteration":9,"seed":"jl1k/xdKlZB6rXy/9P8Umg1HU923p5nV/Sl7qoM5O2A="},{"iteration":11,"seed":"InGEHbzbW/kWYQ0DcQkWqHQg7HOPWLpxKdR5F5j34q4="},{"iteration":13,"seed":"kKEoAxfC9nDqPdJwmpakMBRRgEZnpvN6tEVx8elt+WQ="},{"iteration":15,"seed":"Soi5bFpmoLNIVnSQTn4J+VJ3YeOMOpEnLo2C7vVlpRQ="},{"iteration":17,"seed":"FvYglLxAmN7nqrow1OGvmW58jOZS+ER1DEYBhEW9V+8="},{"iteration":19,"seed":"GbCyRmWYHJHQXlws63CCmwN7YlJcddloQ6/EIK4gY2E="},{"iteration":21,"seed":"83Nqd5GwPQaK373R2Th5EpCkZeTIEhVeMM9rVYTEPdg="},{"iteration":23,"seed":"ir/gkNTmcqLDnAOWJtPvkLi3uQV5cffC+FFeXYzCOOg="},{}]},{"senderKeyId":143041086,"senderChainKey":{"iteration":25,"seed":"Da1xA9gWIRhllX0Jle5s6ciw6E4covFK+EiE2XDLcp0="},"senderSigningKey":{"public":"Bbw5nwf2DpKL43DlY2qIz3Mlbl0jeiu5Nykk2G/JvYxL"}}]