[{"senderKeyId":444017131,"senderChainKey":{"iteration":17,"seed":"b2pqS+jWNt7utgsKFy/lxFLau4t2hEQWMyDNNYzQ17o="},"senderSigningKey":{"public":"BQFoKz+Y3+pIWlUuQKwakOVH0QFkyd3+BSOGjKiOMzhB"},"senderMessageKeys":[]},{"senderKeyId":444017131,"senderChainKey":{"iteration":5,"seed":"+PfkzSYUxniBCnvoK7RGsOFnkVDsaXBMPJUfGstWnZs="},"senderSigningKey":{"public":"BQFoKz+Y3+pIWlUuQKwakOVH0QFkyd3+BSOGjKiOMzhB"},"senderMessageKeys":[]},{"senderKeyId":503209419,"senderChainKey":{"iteration":6,"seed":"OMLy/vK2qYUyDSiNE8RbADvk+5b0F4VEMwwTotgdtI4="},"senderSigningKey":{"public":"BeFF5nzJh/l/fqxmZ3ajDaSQGMV5yEmDZyiSD0RTGCl2"},"senderMessageKeys":[]},{"senderKeyId":2086110435,"senderChainKey":{"iteration":2,"seed":"ikabJ1bms0NQHi24Bkk3wjYX9dL5QkHFJPbH/CawUjo="},"senderSigningKey":{"public":"Ba2OVWHa6YAkHzMhgi+8RmuxkVHBtKfRghORF/k+1MsX"},"senderMessageKeys":[]},{"senderKeyId":1062661859,"senderChainKey":{"iteration":3,"seed":"Pyn2csA648pBWVxr2m3fGzGUWMLsXLsbcvHjgc2ulGQ="},"senderSigningKey":{"public":"BbbxxEgauyzKGMPnnWFBY8K0FiVCTAJ8Iwjth6LdLv1Y"},"senderMessageKeys":[]}]