[{"senderKeyId":1939551689,"senderChainKey":{"iteration":97,"seed":"mQi7nwWcR6ktwHF1EaAwqrMinLpQ8J8SXig9yWz6Z5s="},"senderSigningKey":{"public":"BWvuWoPybwppYBLR3Vc4riPz7G0xPN/XjnUO/Ifz+uoq"},"senderMessageKeys":[]},{"senderKeyId":1939551689,"senderChainKey":{"iteration":97,"seed":"mQi7nwWcR6ktwHF1EaAwqrMinLpQ8J8SXig9yWz6Z5s="},"senderSigningKey":{"public":"BWvuWoPybwppYBLR3Vc4riPz7G0xPN/XjnUO/Ifz+uoq"},"senderMessageKeys":[]},{"senderKeyId":26155182,"senderChainKey":{"iteration":1,"seed":"mcZN7mjHtZAcqsOcSpRUgJSTojv67kLzlnBhSBp7Xpw="},"senderSigningKey":{"public":"Be6Gl2lgoRTjMyhO7kuG0j4dqCCKJ8b4i81xR7VkottF"},"senderMessageKeys":[]},{"senderKeyId":1190639111,"senderChainKey":{"iteration":3,"seed":"NaEsU2breIhyC9XfqwQx4aEeipMy/WJYasFwbsfiHgE="},"senderSigningKey":{"public":"BSSxyAnSMF5tz1ExjhGnVmGVBQvLShHIEMlkC0ko36oR"}}]