[{"senderKeyId":1186751427,"senderChainKey":{"iteration":267,"seed":"exdBvcTMQGgpaxvUxCStxzVpxJCKR3CznECtvqMdFb4="},"senderSigningKey":{"public":"BdvKkCiCHqdXRN36t2yoSmoQ7UKL3mATbslFhT0ntQpp","private":"yLSm4WvB1Q08rSKKrg2ZyLAnfF6PLCQM3Is4vToDKnM="},"senderMessageKeys":[{},{},{},{},{},{},{},{},{},{},{},{},{},{},{},{},{},{},{},{},{},{},{},{},{},{},{},{},{},{},{},{},{},{},{},{},{},{},{},{},{},{},{},{},{},{},{},{},{},{},{},{},{},{},{},{},{},{},{},{},{},{},{},{},{},{},{},{},{},{},{},{},{},{},{},{},{},{},{},{},{},{},{},{},{},{},{},{},{},{},{},{},{},{},{},{},{},{},{},{},{},{},{},{},{},{},{},{},{},{},{},{},{},{},{},{},{},{},{},{},{},{},{},{},{},{},{},{},{},{},{},{},{}]}]