[{"senderKeyId":1045381760,"senderChainKey":{"iteration":75,"seed":"eEVDCITtU0kVTgzpP3uvFtlZi9Rl44zkWi+h6Hqw3hc="},"senderSigningKey":{"public":"BZEiG6KRZi2jNqKsW7vIVnxcQ5ItNvieZfGX4YbJIco3"},"senderMessageKeys":[]},{"senderKeyId":1045381760,"senderChainKey":{"iteration":99,"seed":"yar1P95sc6ssKiyF8yKI2V7vyYVkRb/9fss7S9N4NhY="},"senderSigningKey":{"public":"BZEiG6KRZi2jNqKsW7vIVnxcQ5ItNvieZfGX4YbJIco3"},"senderMessageKeys":[]},{"senderKeyId":1852234912,"senderChainKey":{"iteration":181,"seed":"921zRPEGrQlI5Cov77WDKYrP/unZFx1GABAiqfov8r8="},"senderSigningKey":{"public":"BdHhKcRugLw7iiVU2gBh3x/tz6oOMlMOuFV+qBjLc4kA"},"senderMessageKeys":[{"iteration":1,"seed":"vZh+PYR9SADGFRCNuk5KcRwimqc5RmWJ4azWlJXpE1c="},{"iteration":3,"seed":"YwMs+5UyOlVgsiUt/HZm2NFF0+JBOwtd1JEIw7pnv7w="},{"iteration":5,"seed":"YV0ifiLC0+U5LG97Ul1m9mNfeMl38IqL+eJb+dvpVm0="},{"iteration":7,"seed":"BUw6r73BG/Dm/LYgz885OLlBriSNXfMWHcP+UuAg/wM="},{"iteration":9,"seed":"FNTgXX95Lv2mYD+1dzD86VQCAjNp61iqoia5RFTvuys="},{"iteration":11,"seed":"Zyuepmu04AxPoEvWqphMXPFkkZDSzQdwcQ8YVGOOxR0="},{"iteration":13,"seed":"mtdrdQlMQeTWD4Zdjld1yte0LeGteLVZn1SlWxSfUng="},{"iteration":15,"seed":"p04pmAqRLRCzJU/WNLg6iJ8cbykhNsczYpRRJoqlop8="},{"iteration":17,"seed":"xDjgbveuCSobtjuoF2lF1mynM5usgrii0Pwo63w2MBE="},{"iteration":19,"seed":"dvcJiMQ7esQ1uhtRD59A6D+3ZGSmK/kyNWJghfvW3cg="},{"iteration":21,"seed":"D5xdCERTn/AP07V0C6sYW5Pxk/N2IhU2j27Xb/YT0Ys="},{"iteration":23,"seed":"CH+esgJn+mKPuDWb+QLuF5VKQ2RQqn2NXX80wiOgTJg="},{"iteration":25,"seed":"Sg48bd5YHFidyFsDjYKB4PrKOvfamxGbD4fj26A5Qrg="},{"iteration":27,"seed":"TxmsDUfG192szZqILNmX5dAhHbBxsl39j07KwK0clB4="},{"iteration":29,"seed":"5O8nxhmF/dvRDn+sSy36JtPv3rdGPmvoHlvKhZukNXs="},{"iteration":31,"seed":"BJccaAipdqJHQ2b8hBvvCuikVBQRsFZ8c7Xp1HgVxZM="},{"iteration":33,"seed":"XPWQ/NuD+zdIdMZXbmKBt7gkVhiWu4TS03dDN+xyokM="},{"iteration":35,"seed":"WWn8nDnbftaBH7pgMaSYxAWtcJoR5qysKu09RA0UFDI="},{"iteration":37,"seed":"PrcKMpJizKz9Tj7XII6is1XoAwm90BIcQo8NpF5ZnO8="},{"iteration":39,"seed":"xmc36p4s+kcDOJWy+YCQqRcsOzSN3V8LorM39yMVp1w="},{"iteration":41,"seed":"zkJuyZ++fjU7X9aKkL3TsuynvUHhpnMrb5lUQEvib44="},{"iteration":43,"seed":"tDOl3adAWfKc/nwNrby7I5rgY3mKVe+flLDvomuQuss="},{"iteration":45,"seed":"ct46WYiMfjrE2oEAgw1w5dfkndTgIbRb2lAWrJ6RZGg="},{"iteration":47,"seed":"SlMVfgRSCRCovJwXaUEdXL8/L4p3eNkKuqs0nNrY6Qg="},{"iteration":49,"seed":"RMyQUsx/sLZPF1Fp4np7clQ4DdZI9G3W460FfbynSxc="},{"iteration":51,"seed":"htffnXkuVgXmqiaFfimodytT+RwXewh4BGPPMl1dol0="},{"iteration":53,"seed":"BZv3HPC35KJ0i9w9HEXOR5MQWwb5EHRh4VG24JzAxIQ="},{"iteration":55,"seed":"gPffVqIHEbnlP28Pa95rubjvs9eRz1QOskvHW/2Rrb0="},{"iteration":57,"seed":"PEZXJovwcPKBr8NOOIQVaNnn+PyJnPuZjU6oOGZvIDk="},{"iteration":59,"seed":"mibVKrIqrZhm1hH8PFIZwE0TCllLj/1OYXE5USxdhQc="},{"iteration":61,"seed":"mZj48y58PkG5gZWpw8aGFToLwh6WcH9l++JGRabFGnI="},{"iteration":63,"seed":"hOWJqf0ZGJTtQvP5+T0C3jgn8B6qZan250GbsMOYVlU="},{"iteration":65,"seed":"qs2JlfUS2GlfDyiBM9vToMyY2pt4pmkV891gEKfbLBQ="},{"iteration":67,"seed":"G+B6Mnonj8//nIRF+9HcGFZNsCXj490Vd/LhQfONig4="},{"iteration":69,"seed":"27gQuKcoZPLj5YvusXgL5C+JqlaVag2ahduhPCyedOw="},{"iteration":71,"seed":"ZpokT+jLwZ2oBvSJAYd7kxRvxxSofi8L1+ojX3/yt9c="},{"iteration":73,"seed":"1HlQz5WNI/rMiGGATOwu+5XXYwyPhmEWUTVvyRgpyAc="},{"iteration":75,"seed":"OyjqzFNLOqUtyPnMcD4N6pISQKNB+g3GtPTH/N22+Yg="},{"iteration":77,"seed":"mdwhwP1HbxmPdZQ8d8WvUSa7dRYWWofSr1XBSeRgCus="},{"iteration":79,"seed":"MxCdK+me+3qjeegptMTDt1GUfj63lVT1kZCpObEXEWY="},{},{},{},{},{},{},{},{},{},{},{},{},{},{},{},{},{},{},{},{},{},{},{},{},{},{},{},{},{},{},{},{},{},{},{},{},{},{},{},{},{},{},{},{},{},{},{},{},{},{},{},{},{},{},{},{},{},{},{},{},{},{},{},{}]},{"senderKeyId":1852234912,"senderChainKey":{"iteration":5,"seed":"CCsPyktyFylKOkwja15mZKYMLtNQMXVPauOBSxxSM60="},"senderSigningKey":{"public":"BdHhKcRugLw7iiVU2gBh3x/tz6oOMlMOuFV+qBjLc4kA"},"senderMessageKeys":[]},{"senderKeyId":1852234912,"senderChainKey":{"iteration":11,"seed":"1xHZ/0HXHUxMNFAPSgY5/Eys81QKIsuZFwqFmtiysWo="},"senderSigningKey":{"public":"BdHhKcRugLw7iiVU2gBh3x/tz6oOMlMOuFV+qBjLc4kA"},"senderMessageKeys":[]}]