[{"senderKeyId":1195456824,"senderChainKey":{"iteration":1459,"seed":"R+BcjeQQdHGiSHS+omvBS0XHtAeKzYzKVPDKKDeIbiQ="},"senderSigningKey":{"public":"BRjID1rbG3PpZo6HcnXJhrVatwr1wmrdh4KWbwZWoD8c"},"senderMessageKeys":[{},{},{},{},{},{},{},{},{},{},{},{},{},{},{},{},{},{},{},{},{},{},{},{},{},{},{},{},{},{},{},{},{},{},{},{},{},{},{},{},{},{},{},{},{},{},{},{},{},{},{},{}]},{"senderKeyId":1195456824,"senderChainKey":{"iteration":1404,"seed":"Sd6RWnGEw3M7h6QxhpQAIjtTFNJs1tPj+HfcWdRYshQ="},"senderSigningKey":{"public":"BRjID1rbG3PpZo6HcnXJhrVatwr1wmrdh4KWbwZWoD8c"},"senderMessageKeys":[]},{"senderKeyId":1195456824,"senderChainKey":{"iteration":1437,"seed":"98gbvJuq6W/r1bcYoukfbBhOqcVi38L1AKmoe8Qtmkk="},"senderSigningKey":{"public":"BRjID1rbG3PpZo6HcnXJhrVatwr1wmrdh4KWbwZWoD8c"},"senderMessageKeys":[]},{"senderKeyId":1195456824,"senderChainKey":{"iteration":1446,"seed":"eMkM1d/OpBEYtGI/hNZjzoCntOoX8Ix7DndD+6lOwUM="},"senderSigningKey":{"public":"BRjID1rbG3PpZo6HcnXJhrVatwr1wmrdh4KWbwZWoD8c"},"senderMessageKeys":[]},{"senderKeyId":1195456824,"senderChainKey":{"iteration":1452,"seed":"Cu0KPS67lzLui4NqqzRt47OwbR/AX0IzgeNvYNF7SIk="},"senderSigningKey":{"public":"BRjID1rbG3PpZo6HcnXJhrVatwr1wmrdh4KWbwZWoD8c"},"senderMessageKeys":[]}]