[{"senderKeyId":230493772,"senderChainKey":{"iteration":2,"seed":"ORn9PS72sdPtbDt/buDr8riNOXTdYbLjsRPtzhFeeAc="},"senderSigningKey":{"public":"Bb9X/8IHIqEFZoGM3Ct3xq6xAGkpivV6DNSWJ62iJhIK"},"senderMessageKeys":[]},{"senderKeyId":172201586,"senderChainKey":{"iteration":2,"seed":"f3GuzYQc769ZXrpXadcTluaXssOaUaVZFNq8d/qhYDE="},"senderSigningKey":{"public":"BWAt7FDoJRZ9wEDdhvgCNTluYa14t+3EwUQr1eIbytFU"},"senderMessageKeys":[]},{"senderKeyId":172201586,"senderChainKey":{"iteration":1,"seed":"0SUBFobqX4arcEPbciuL66yUZV5t5ldPPrLt+Tg21pc="},"senderSigningKey":{"public":"BWAt7FDoJRZ9wEDdhvgCNTluYa14t+3EwUQr1eIbytFU"},"senderMessageKeys":[]},{"senderKeyId":535870467,"senderChainKey":{"iteration":1,"seed":"cee6Drz5+qwFGd1IOFQTDYjhvj7Hg59twbh9VqM+2RM="},"senderSigningKey":{"public":"BSuiwodxvIzF2ouL/xfBeJ/kP3tmfqZr7w1sJXcP/ZYw"},"senderMessageKeys":[]},{"senderKeyId":115154787,"senderChainKey":{"iteration":13,"seed":"wKedRVax6ZR6HNQ0pHzi+3pyccpEfOjskamRb9/9AoA="},"senderSigningKey":{"public":"BdonkGPNfMrUAu4pTZ5/kPLZvSzOHFs7xNQE3IZu3GZy"},"senderMessageKeys":[]}]