[{"senderKeyId":735387633,"senderChainKey":{"iteration":2,"seed":"nkf/iGKC0PlnmsihBodd9e1Jznmt7/QGFJULbYwZ9ok="},"senderSigningKey":{"public":"BY8T9oxOYt3avlKHMAwPkx5XUjgbexaN3hpMZW67zKN8"},"senderMessageKeys":[]},{"senderKeyId":419982945,"senderChainKey":{"iteration":19,"seed":"lujaq4PczLIiUU5aDA+bUmwS5OYYCbCIWW5xQmxmP5Q="},"senderSigningKey":{"public":"BRg7PI9Vre68j1Zf38BkV/xo8xXRmVhgC7ZTTsCJ0qMi"},"senderMessageKeys":[]},{"senderKeyId":1641328610,"senderChainKey":{"iteration":6,"seed":"D2WxUbmSRl0VPmtFsZ6jVIiZCPEEaYJHeqtTU9zBEeE="},"senderSigningKey":{"public":"BThh6qwz+Pw4dFeXYw3cmiV4mA+BtefDGHt6wfV9u4hg"},"senderMessageKeys":[]},{"senderKeyId":922089698,"senderChainKey":{"iteration":5,"seed":"T2kMHV4S85pk2t9/oH8fP98k5imx5cD5LQLhfh4PIeQ="},"senderSigningKey":{"public":"BcDnLoXPqcmYd/OYAyVgI0xPMxq8lcnYwJyltob1yoth"},"senderMessageKeys":[]},{"senderKeyId":402685841,"senderChainKey":{"iteration":18,"seed":"iVklO5vY7t+wl3VTHmUbAPa+2+VVEffA0MHfYt62DNg="},"senderSigningKey":{"public":"BVzA3N+zjiwHXcySx9n0p4nvUKkmSSFVvUIMlI5Lqv4r"},"senderMessageKeys":[]}]