[{"senderKeyId":2106336904,"senderChainKey":{"iteration":97,"seed":"GzhAb1gYr2vCHyyo//ujmugV3zMU18DDVgKoRXoqlfs="},"senderSigningKey":{"public":"BZEv0c1RsD+bfBpYjgQTPuZiROCHgJWzp8uoFqhZgzgu"},"senderMessageKeys":[{"iteration":65,"seed":"XNFbGh5wv3lysor6q4HUK4tZE4/LfwwPwFcA1BSMe2U="},{"iteration":66,"seed":"oOUqdM0BTTXFq0qEYUnyWoKT5522p/Ig9486VvKcrzs="},{"iteration":67,"seed":"1MJ3GP1aAxCtIqML+quYAJER8dSVjTDO0Ln1cLqlxLE="},{"iteration":68,"seed":"1LBhWsZ7Y3Hui8s256Iq3pU1UL15D0WgtWnKw1R6JAs="},{"iteration":69,"seed":"2Owe+zbHLxKdHyJUI1NHyvzze+sYNk36CITjt4Q+D2Q="},{"iteration":70,"seed":"hLK91YxdGVmhbzSYkHzWoeeOicrN+mVoe+MJ8MILEo0="},{"iteration":71,"seed":"Ido/GU+hCPD8B5AgfhoNJuozsLKmxZR8nWh/QO0/vUA="},{"iteration":72,"seed":"PwUGjq25YrCl40Q0nwUXklDyrCNR4Z9acW/eMWXRVS4="},{"iteration":73,"seed":"oQCt7Fd3QbYjfN365D4DNyOi0Nr+fxGGPnYKWDRbMws="},{"iteration":75,"seed":"fXiN3iaCQ2E4mCdr5WzJ1HRvqdbcc+43Bdndv+K0j70="},{"iteration":77,"seed":"by1qKK6YkwPnryvfviMtdSrmSKx6PA3bZ//LPI1Z5vY="},{"iteration":79,"seed":"SNZ+a4E7Hz1jBs+j2dTpcx4gAU7qUa3UXa/vsNrBqGc="},{"iteration":81,"seed":"HR8qDO5UsUM0CbnPNrjWqQ1Z19ctBELvtz3W3W3H/g0="},{"iteration":83,"seed":"uO2WD/vZDu6LB/y4cVGCNaBybIgporzbcNsu6ANbuPA="},{"iteration":85,"seed":"FzX6f/R6XULr2b9RLvkIR7rszGmM9E8JNeMlcpErihc="},{"iteration":87,"seed":"jZhtSY4lStaZxdbQynKTgW+rnJqlDdrSNoe4Rw+g5T8="},{"iteration":89,"seed":"0+NrRxP9aIqU9Oguvr8LcK84sQ28XVVNRGrCyZJUfWk="},{"iteration":91,"seed":"wLLLyrC3jjvfvHiXrDpgJcGZbaLTHBPo0KvoF/9gwsQ="},{"iteration":93,"seed":"MKVHWM00Z8NWacFs6NrW+BS5Uvioo9F9FUNjlFyyZsU="},{"iteration":95,"seed":"uukA3NPYKH+JngXESnckYpEqLLGSb3gLn18HX+iLtDE="}]},{"senderKeyId":2106336904,"senderChainKey":{"iteration":67,"seed":"/+3qlGONtdJLGCB2ed5+bcayUvGR4FSIJJCNUTp3fts="},"senderSigningKey":{"public":"BZEv0c1RsD+bfBpYjgQTPuZiROCHgJWzp8uoFqhZgzgu"}},{"senderKeyId":2106336904,"senderChainKey":{"iteration":69,"seed":"AlHaVf7Mnp5XKhuwwFAEJbjQivb39mi37aCEEutrFMc="},"senderSigningKey":{"public":"BZEv0c1RsD+bfBpYjgQTPuZiROCHgJWzp8uoFqhZgzgu"}},{"senderKeyId":2106336904,"senderChainKey":{"iteration":71,"seed":"KixMv4Sq5GjbVdxhNU/0ZDhiHfrE2FujDdl9yLCTScw="},"senderSigningKey":{"public":"BZEv0c1RsD+bfBpYjgQTPuZiROCHgJWzp8uoFqhZgzgu"}},{"senderKeyId":2106336904,"senderChainKey":{"iteration":73,"seed":"Cs9ZgBfsaKk7hVn/5667YyBd+sLyO1UDszCmW3eqEck="},"senderSigningKey":{"public":"BZEv0c1RsD+bfBpYjgQTPuZiROCHgJWzp8uoFqhZgzgu"}}]