[{"senderKeyId":1765289478,"senderChainKey":{"iteration":1359,"seed":"9K0x0fgdjjG4mmNergpnogUmG/EOHMyn/0qDW+H1lWU="},"senderSigningKey":{"public":"BULK9Dnt9YwJqiLdJzbkbjJFXyaYeeoB1AQ/dCXKicsc"},"senderMessageKeys":[{},{},{},{},{},{},{},{},{},{},{},{},{},{},{},{},{},{},{},{},{},{},{},{},{},{},{},{},{},{},{},{},{},{},{},{},{},{},{},{},{},{},{},{},{},{},{},{},{},{},{},{},{},{},{},{},{},{},{},{},{},{},{},{},{},{},{},{},{},{},{},{},{},{},{},{},{},{},{},{},{},{},{},{},{},{},{},{},{},{},{},{},{},{},{},{},{},{},{},{},{},{},{},{},{},{},{},{},{},{},{},{},{},{},{},{},{},{},{},{},{},{},{},{},{},{},{},{},{},{},{},{},{},{},{},{},{},{},{},{},{},{},{},{},{},{},{},{},{},{},{},{},{},{},{},{},{},{},{},{},{},{},{},{},{},{},{},{},{},{},{},{},{},{},{},{},{},{},{},{},{},{},{},{},{},{},{},{},{},{},{},{},{},{},{},{},{},{},{},{},{},{},{},{},{},{},{},{},{},{},{},{},{},{},{},{},{},{},{},{},{},{},{},{},{},{},{},{},{},{},{},{},{},{},{},{},{},{},{},{},{},{},{},{},{},{},{},{},{},{},{},{},{},{},{},{},{},{},{},{},{},{},{},{},{},{},{},{},{},{},{},{},{},{},{},{},{},{},{},{},{},{},{},{},{},{},{},{},{},{},{},{},{},{},{},{},{},{},{},{},{},{},{},{},{},{},{},{},{},{},{},{},{},{},{},{},{},{},{},{},{},{},{},{},{},{},{},{},{},{},{},{},{},{},{},{},{},{},{},{},{},{},{},{},{},{},{},{},{},{},{},{},{},{},{},{},{},{},{},{},{},{},{},{},{},{},{},{},{},{},{},{},{},{},{},{},{},{},{},{},{},{},{},{},{},{},{},{},{},{},{},{},{},{},{},{},{},{},{},{},{},{},{},{},{},{},{},{},{},{},{},{},{},{},{},{},{},{},{},{},{},{},{},{},{},{},{},{},{},{},{},{},{},{},{},{},{},{},{},{},{},{},{},{},{},{},{},{},{},{},{},{},{},{},{},{},{},{},{},{},{},{},{},{},{},{},{},{},{},{},{},{},{},{},{},{},{},{},{},{},{},{},{},{},{},{},{},{},{},{},{},{},{},{},{},{},{},{},{},{},{},{},{},{},{},{},{},{},{},{},{},{},{},{},{},{},{},{},{},{},{},{},{},{},{},{},{},{},{},{},{},{},{},{},{},{},{},{},{},{},{},{},{},{},{},{},{},{},{},{},{},{},{},{},{},{},{},{},{},{},{},{},{},{},{},{},{},{},{},{},{},{},{},{},{},{},{},{},{},{},{},{},{},{},{},{},{},{},{},{},{},{},{},{},{}]},{"senderKeyId":1765289478,"senderChainKey":{"iteration":287,"seed":"dqQ0eTswuIPevPw4AxuS/10HpjRLsTAIuxOH1roFlxQ="},"senderSigningKey":{"public":"BULK9Dnt9YwJqiLdJzbkbjJFXyaYeeoB1AQ/dCXKicsc"},"senderMessageKeys":[]},{"senderKeyId":1765289478,"senderChainKey":{"iteration":289,"seed":"D4u7ieGqklkyN7TN0pCloh7NERgAFneLaj4JXWwtOhI="},"senderSigningKey":{"public":"BULK9Dnt9YwJqiLdJzbkbjJFXyaYeeoB1AQ/dCXKicsc"},"senderMessageKeys":[]},{"senderKeyId":1765289478,"senderChainKey":{"iteration":367,"seed":"xi+PbK1by9WKLacMi6F6gO647ez2pwqRzTKCCmkdCmo="},"senderSigningKey":{"public":"BULK9Dnt9YwJqiLdJzbkbjJFXyaYeeoB1AQ/dCXKicsc"},"senderMessageKeys":[]},{"senderKeyId":1765289478,"senderChainKey":{"iteration":371,"seed":"4d1Hrvo3t+c/ssT3pmpGDMNlY+9bGml6IlBcJxUxTX4="},"senderSigningKey":{"public":"BULK9Dnt9YwJqiLdJzbkbjJFXyaYeeoB1AQ/dCXKicsc"},"senderMessageKeys":[]}]