[{"senderKeyId":929680250,"senderChainKey":{"iteration":16,"seed":"oAtwkFTAVyhVXjro2GQO28tRc9LJByQpD4rlyGXbRCc="},"senderSigningKey":{"public":"BS6ylqMKyVIYeZNPls8jm8VsVhttdQpNFNvLBNvPDuZa"},"senderMessageKeys":[]},{"senderKeyId":929680250,"senderChainKey":{"iteration":15,"seed":"r49SV192HxuuuJEJKhcZUc5fxrS+i1OCfm/XW4yWWq4="},"senderSigningKey":{"public":"BS6ylqMKyVIYeZNPls8jm8VsVhttdQpNFNvLBNvPDuZa"},"senderMessageKeys":[]},{"senderKeyId":1479456912,"senderChainKey":{"iteration":1,"seed":"uI25iGirHVxxa66zwLQlPKw4Go8ZzvnRj6u+6+tiOHw="},"senderSigningKey":{"public":"BZttae0MAasi71OaLj4Z3Bk8xNoivKY6bSnjrc8qH0dJ"},"senderMessageKeys":[]},{"senderKeyId":578404781,"senderChainKey":{"iteration":2,"seed":"9pjoe8oYkixIfKrayOZvB7OxTWWLE35G5ZNpyrBMU5E="},"senderSigningKey":{"public":"BTbAJVe3H0FzagygN3P2l/e83iGg3bghUviXEWw7Ljh6"},"senderMessageKeys":[]},{"senderKeyId":1650030714,"senderChainKey":{"iteration":1,"seed":"3lbIaNbl4y+xKKcVKp+luKL8cJ0TRx6eeHnzbm5IQts="},"senderSigningKey":{"public":"BVQUswtsZ+YvaxEc7u2Oi+BFewGUnsH+Snk6ltgWL3Mn"}}]