[{"senderKeyId":1363439028,"senderChainKey":{"iteration":175,"seed":"aLlatreFNoA5R9REfb0426WjAWgzpWycQIu6QfPYziU="},"senderSigningKey":{"public":"BQxqnfJYGV66J7iyRv0GQ6/BFsdpUfOipUyN3OcUwkwT"},"senderMessageKeys":[{},{},{},{},{},{},{},{},{},{},{},{},{},{},{},{},{},{},{},{},{},{},{},{},{},{},{},{},{},{},{},{},{},{},{},{},{},{},{},{},{},{},{},{},{},{},{},{},{},{},{},{},{},{},{},{},{},{},{},{},{},{},{},{},{}]},{"senderKeyId":1363439028,"senderChainKey":{"iteration":107,"seed":"81w6ENCyP50i8LgYZyOulXoj2pV8JYCamTSGoI++D8M="},"senderSigningKey":{"public":"BQxqnfJYGV66J7iyRv0GQ6/BFsdpUfOipUyN3OcUwkwT"},"senderMessageKeys":[]},{"senderKeyId":1363439028,"senderChainKey":{"iteration":111,"seed":"JVDmPrD35xFvEg6Z/y6pinVhglEai+cA5wR413H1tW4="},"senderSigningKey":{"public":"BQxqnfJYGV66J7iyRv0GQ6/BFsdpUfOipUyN3OcUwkwT"},"senderMessageKeys":[]},{"senderKeyId":1363439028,"senderChainKey":{"iteration":115,"seed":"VFAerfqM01QrTHKWaPtwPfYs5qj9Qdo6plYq7xXdU2Y="},"senderSigningKey":{"public":"BQxqnfJYGV66J7iyRv0GQ6/BFsdpUfOipUyN3OcUwkwT"},"senderMessageKeys":[]},{"senderKeyId":1363439028,"senderChainKey":{"iteration":165,"seed":"/TrFbOVcCGKghpI0Epx/GrbJprfV1kXwQbfiaTxcGhA="},"senderSigningKey":{"public":"BQxqnfJYGV66J7iyRv0GQ6/BFsdpUfOipUyN3OcUwkwT"}}]