[{"senderKeyId":1608412826,"senderChainKey":{"iteration":44,"seed":"PNKTHarKripVs7kW6871v9q2yweamdkrETo/NDWSEZI="},"senderSigningKey":{"public":"BY+k+jUuGGT4VmbxnKwNnqRP0ukgeTNpIkfND26yCqE5"},"senderMessageKeys":[]},{"senderKeyId":795315374,"senderChainKey":{"iteration":62,"seed":"NnKsdwZDNYjn3mMBUzWUclmRSMsGmW5D8YFiwPTsFoM="},"senderSigningKey":{"public":"Bc7GAIjI2yIp643z+849x8dsmQQbYC5lCK8per1pBmRC"},"senderMessageKeys":[]},{"senderKeyId":795315374,"senderChainKey":{"iteration":25,"seed":"wD1UrC4lfC4LuvppYhiTmhXI74KBFA/VT4thnAT9MHk="},"senderSigningKey":{"public":"Bc7GAIjI2yIp643z+849x8dsmQQbYC5lCK8per1pBmRC"},"senderMessageKeys":[]},{"senderKeyId":17730082,"senderChainKey":{"iteration":14,"seed":"ObTdj+mlu1w/qYXeVxXIUQxposlgSIrZQgLmGdwXs9Y="},"senderSigningKey":{"public":"BUIhSjxVHeCNUKCRm9NLcQ/z9naYyC4AgoMIkEN+5YdW"},"senderMessageKeys":[]},{"senderKeyId":17730082,"senderChainKey":{"iteration":13,"seed":"G8dbp9MDJTtYfiRPUlfBa3HR3XDF1BlGCBBtuybZfnw="},"senderSigningKey":{"public":"BUIhSjxVHeCNUKCRm9NLcQ/z9naYyC4AgoMIkEN+5YdW"}}]