[{"senderKeyId":1141053857,"senderChainKey":{"iteration":8,"seed":"3t9PguAr5a3VPmgrNWtcSXT//9pECUzm47ShxuJc5vY="},"senderSigningKey":{"public":"BQUYayeSe41Ym8N/au7/FITWOoVOJtwZ0M4/GmVYtKB2"},"senderMessageKeys":[]},{"senderKeyId":1141053857,"senderChainKey":{"iteration":7,"seed":"c+1lySIUc5fbhrnDzXFcmiOFO9le6dKajHuppgvWl1s="},"senderSigningKey":{"public":"BQUYayeSe41Ym8N/au7/FITWOoVOJtwZ0M4/GmVYtKB2"},"senderMessageKeys":[]},{"senderKeyId":976649747,"senderChainKey":{"iteration":22,"seed":"no3gLHfDWfCsQPrfqQlosxZEBd2QJJtRAb0nl0I+P0c="},"senderSigningKey":{"public":"BY/eBffBgVn12u3Eq83AnAfAiZz4R1JmmEqsr2ygSrga"}}]