[{"senderKeyId":1490184718,"senderChainKey":{"iteration":211,"seed":"2TAQoGZelHNp472giELga/s909yWJVWlBpKeorKk4pw="},"senderSigningKey":{"public":"BXICJFE3SaCSH1Uecu29eDe/suystcikD5C/I5WdihNi"},"senderMessageKeys":[{"iteration":1,"seed":"yJOz9e+eTKfj72E1TCJnY2un9TFmoSjt4FYZ4iqu/zY="},{"iteration":3,"seed":"blk1xPog/vGeufzoIXH9jrNV2+iploExhIW5Zw0mqpc="},{"iteration":5,"seed":"eLQRH0V53REZwEUf56O1mn51dnAi+nzAbhkf/MnuFUA="},{"iteration":7,"seed":"t7sfPFsf+Hhoz6B+aMHOSUGFhr84+gjWENUvA8nr3rQ="},{"iteration":9,"seed":"XK1/ri6Dtqrs76w4ZpbmVaTLIODpgd3KGobb9au5oV4="},{"iteration":11,"seed":"3SeaMlRLe2cZmf3trAbQKlaC1w/9UqPIOdopRtZ4T2M="},{"iteration":13,"seed":"fZR6I95A6JzKIcg1MJKorMc5nO0VENXPNP31vqjCQKc="},{"iteration":15,"seed":"6VGcKX53HQ7EOinpRcpuJR1hHlBcjT5c1XJiuilUhp8="},{"iteration":17,"seed":"66lLrcD3/Pvi7cd5WT760dXUbz2JXPHbJN7U3GvixDE="},{"iteration":19,"seed":"Zt8+c+1ExlGF/p5vnPIA6eQboKBjIJNAoX/ekLddkB8="},{"iteration":21,"seed":"TGsafCInR5WRejGNTSIfD/npZpJFyUXjsNbX8ijpJFw="},{"iteration":23,"seed":"anG6Ha9OyCn/AzH/3gWhcoeiGuBJDWlMCSnd56NQNdw="},{"iteration":25,"seed":"jEsO4jX7MJbGadWPDuKbVt4v7nlGPk6qPloSMz2qwb8="},{},{},{},{},{},{},{},{},{},{},{},{},{},{},{},{},{},{},{},{},{},{},{},{},{},{},{},{},{},{},{},{},{},{},{},{},{},{},{},{},{},{},{},{},{},{},{},{},{},{},{},{},{},{},{},{},{},{},{},{},{},{},{},{},{},{},{},{},{},{},{},{},{},{},{},{},{},{},{},{},{},{},{},{},{},{},{},{},{},{},{},{},{},{},{}]}]