[{"senderKeyId":726796598,"senderChainKey":{"iteration":331,"seed":"+GIxwil/dMG402KasIxA3ca1c1ap6tpTzIyH6Jah+dU="},"senderSigningKey":{"public":"Bfue245IBCIZq/YTZbPgBOfFROAqeLSz2GnIrd8NVTMD"},"senderMessageKeys":[{"iteration":251,"seed":"LBqN84zqCiGBjr8U44WXsjhxw6KXyvpGvZqGJppjAFQ="},{"iteration":253,"seed":"igz+5aYBZ5EnLCumaUldvYev58nda0P0JmCpo62qkmg="},{"iteration":255,"seed":"rJiDHRH2aZNAqychNlaYWqhsmDgtRwjJBo5urCuUvo8="},{"iteration":257,"seed":"CCDtN9PLgl3KIpQJYp71FvgQlPXKBKlLbZO5JDL14NY="},{"iteration":259,"seed":"7gtmI6Aq87RCjxJMca4Cd5hF0oRMq+kYx90YhwzrYkY="},{"iteration":261,"seed":"wL1mWSi/VU25y134PqBURZyFe2xU42g4pKATzJAu4Lk="},{"iteration":263,"seed":"S2Hyy2bX5rw6n02xO6xPKD67IjY8KM4XkE6ZMCWmyxE="},{"iteration":265,"seed":"v+PtKX7X+q7ck67lbJjHJ18a/stA9ZsW/Ybt282Kojo="},{"iteration":267,"seed":"/wQ42bkjzHipqamrl1ZNelhs6kTAjMYrOhKnInTHRsA="},{"iteration":269,"seed":"RHAJT4UgXCqAjT0ysfgKlX+RSczWDuV8KE1eN4IftQ4="},{"iteration":271,"seed":"Uhebo76FWx6JLXM+lX2VaF+xGlEMzV0ZEToMDcI9wQI="},{"iteration":273,"seed":"ADyXGcC1Uh5glJNWN9aft92+BIlJqRAbLQJd6ePT/gM="},{"iteration":275,"seed":"TVcT3f4KCDnC48/GGEAKkn9pIQOBsiCo+E4pThZQNFs="},{"iteration":277,"seed":"mK3Z9N1Wnc/9t0PeS6ctB6jJU/L25hVYwXQMcMGdPwg="},{"iteration":279,"seed":"hIJ82Nj+U4B3o/EvCWNK7+c6pQuDhYWLMV5iSSEKLkU="},{"iteration":281,"seed":"CMF1RNx9Cam0zGuvfjePhg1B6EUTh+NBZQTaB7qPTZA="},{"iteration":283,"seed":"mJBMIePsMtBLS/DLcnaciZ2/V65uaRJ11gxUIxL6q+4="},{"iteration":285,"seed":"aw8OzBJ2hTzoJ183L66Gl0+ODnBWRRM2RCCs4cnIDHE="},{"iteration":287,"seed":"0SHN6Y0LWJ6TPX1MQ42UgCP4tPFmw3mwrxQO3KXGzp0="},{"iteration":289,"seed":"3/EgeHwYHQ5+jnCnmSJn4m7V62H7Z12iZwlndaeo1Gk="},{"iteration":291,"seed":"gFY0YWS3AyZ+A2uSYpS1lSXypKgEcYHMT9ufSlvTtvo="},{"iteration":293,"seed":"xcZXj0d86yJ9mnnZa4qAELv92ouCyJxYIj71OxzPrmM="},{"iteration":295,"seed":"LES57BlrwaBpt9KJmXVLiXu7YYa6EyfyJOqWrU2MmLs="},{"iteration":297,"seed":"YFjgaaExA/tQtHYb+Ve9krwHaB3WgH6ODs8LaY/4df0="},{"iteration":299,"seed":"+ep6dJwcdTdcRcitLuRmf+zFXM2eTGorHH1vkKj9Rtg="},{"iteration":301,"seed":"6xNHpRqwR76EzFfMdgOiM5iUuOOYvZntd44gHhzSsOk="},{"iteration":303,"seed":"H14acC5TCkCrMGgs7Xdpvmv+CKGjRa+BEsytEXO0hsA="},{"iteration":305,"seed":"nGwt5486MNILcKCXZhWApSqaY6TN3S8AT7KvYr8QPps="},{"iteration":307,"seed":"vP9ZKzdUXyHZtTaH/7C4697LOAU6YCwXRjzVlzeTLJk="},{"iteration":309,"seed":"OA/cHa3OH9Jjbhu18rh1yg3N/1sc1nbhf9fvHUNhUos="},{"iteration":311,"seed":"G8NdUdJDcNzSOtxIL4CiJTnjbJTVg+iLCJHxcFvlpHw="},{"iteration":313,"seed":"6mS/x05u8O/rDNwwwkXm+yLDtXTmAAtlqXXcco19YaU="},{"iteration":315,"seed":"gu5LCWIG6UJpGA5XRhDMT1/F38BOR7FLK293/8ztAag="},{"iteration":317,"seed":"IdbngSa8ON3o/NyRDSReYaYiENSMFVkkrYrMl6EV9FE="},{"iteration":319,"seed":"wOLxkPjwxfyScfAwN882Ianpm8ea0Gc58za721TRJVY="},{"iteration":321,"seed":"h6HuBz7S4XqKNtqib7Juzb1RdyMfyc+PzrtEW/Cske0="},{"iteration":323,"seed":"4LZK1B68oo7gCyX6i2Z2OEJvjwgm6TcyWBBrt2CMuYE="},{"iteration":325,"seed":"PB2xoUkb9b70feBeEFAzigKYswOXwY5+cX7O9kKfOlk="},{"iteration":327,"seed":"uesOEWneP+L2lf3qUY0O7pgkEOZh2D7WmfS0JtYk8/c="},{"iteration":329,"seed":"lj5JFnMuQFAh4O9kEElbCeVy6A2useSUcQ+9cifJiOY="}]},{"senderKeyId":726796598,"senderChainKey":{"iteration":283,"seed":"vtoEETmQFTWi346bnT3Lxv3sGCo2nhdxoH2srFrKdFM="},"senderSigningKey":{"public":"Bfue245IBCIZq/YTZbPgBOfFROAqeLSz2GnIrd8NVTMD"}},{"senderKeyId":726796598,"senderChainKey":{"iteration":299,"seed":"wUNACIN0E1kh5GlE95nYjcbaHB2CIwtUNd9YMeMooRE="},"senderSigningKey":{"public":"Bfue245IBCIZq/YTZbPgBOfFROAqeLSz2GnIrd8NVTMD"}},{"senderKeyId":726796598,"senderChainKey":{"iteration":315,"seed":"lLsahvMyS+9D9p5RVHPT22dpmc3glamXAp6ZFzO5QqY="},"senderSigningKey":{"public":"Bfue245IBCIZq/YTZbPgBOfFROAqeLSz2GnIrd8NVTMD"}}]