[{"senderKeyId":1780195485,"senderChainKey":{"iteration":101,"seed":"gWkY4gWJO37LWzSp78njVks/0kuy5eFuDYt1wOGH+lU="},"senderSigningKey":{"public":"BYcC/QRwrp2/tiIt652n5ebgeKTNBdwnGySootOcxg1q"},"senderMessageKeys":[{"iteration":1,"seed":"tCJuMGi/Vclbt8FmzxCsl5bkw6TPEYyDmMYqMF+V/Dk="},{"iteration":3,"seed":"x+WV7KLcM4od1mKd3tkXNiPx/RVwR8l6njj1v3MTCH8="},{"iteration":5,"seed":"reImQCpM+EyZQBULz4emZwpM/AgU2lYrMsQTOWjjxGE="},{"iteration":7,"seed":"pDD4e7UoU8k0MyuFq5ZGi5QzkGeqZ70cNnmZ75odWJo="},{"iteration":9,"seed":"Q8RvG1wbKojcq5CeJlMWWPbOpcePQg5CFMQfUG/RLmM="},{"iteration":11,"seed":"uVlAtS6BeAbVvWGxIt7MYWCwuZMoz9oJSL8Tbb/jjtM="},{"iteration":13,"seed":"v4T5GssK/gyEo60rVN7ZsT57lydiK1fPgqTB0QVsGp8="},{"iteration":15,"seed":"xmZn2U8t/vdyLkQ/qWtksy/e/Vjh0RkzV+uwFCy83bY="},{"iteration":17,"seed":"z+epkLgCNIAEeXm6wx2COfXOpc4fFex2xhETrSszG4I="},{"iteration":19,"seed":"ts5qskKrRZa73WTWG1bZXEU2Ti9XhrYrACp4Up+31g4="},{"iteration":21,"seed":"9UOEQgXFTbyWAOV3TPGyemD/MNqlazAz06saI73h+9g="},{"iteration":23,"seed":"hdj2MYudJ7qflQAZkf9Pcl0Izv0FzGKuYo6H7uvwuFM="},{"iteration":25,"seed":"eeoJ7PTiUwP83TP/8fsp7FIxcLuEmOR6NapLRb4sA0U="},{"iteration":27,"seed":"In/2bykBdHCYJ6dIe2st/19MAX98g0cudsFgE0NIA18="},{"iteration":29,"seed":"8OD8INs7U6vLSkg0olgsINqZxPFsBeBBtYW/7XN7OTQ="},{"iteration":31,"seed":"jI5SiQj9UhFGrTt0vk/Th2pZwh7Awi+HySVTpKHVsl0="},{"iteration":33,"seed":"17Zg3NAuR9qWuVaehZtSgPLwbvu/JXH/UzzJFPU3Z0Y="},{"iteration":35,"seed":"Nd1V5Bp14rGj6d3mjju7+mKL3TTmQPpl78l6ApsrfUc="},{"iteration":37,"seed":"ypLOCfENWsVD8904Q/bFz8wrsgIrIJIgi3LKYJ+xaYs="},{"iteration":39,"seed":"/Vaih+F3nmpt5wPNya7R1LjxIFyTWBHnjXRgGvGf7hQ="},{"iteration":41,"seed":"xkfZ4a9OrplEvj54EqhgorGifoqZXYfj/Yeh2C3pMTI="},{"iteration":43,"seed":"5AZ3FQMW0fWmcdQAvimcj8NqYbgnkjwZhFi81NBa6C0="},{"iteration":45,"seed":"veM0yaRgoeLz81XFgZy1pdkjRXHOCk/+Srba/x1QIQo="},{"iteration":47,"seed":"S1onoELx0dkLxtX+KX1p/PnZfXp7OTwYIUYH7leN/98="},{"iteration":49,"seed":"D+6d1/oWXAGrq2BdtzrfyynRq+uQY8h0Fi0HkbP7SOM="},{"iteration":51,"seed":"RXOdYD6BHEaKcTvj06XY9tGPBQAAKwVzHqT5rj8RSWw="},{"iteration":53,"seed":"gJVw4ZROIg2QYb66Ni0+ETayUfSIAp8uQ3/nm9rTbcI="},{"iteration":55,"seed":"o7COKRdVAqGKP26B9tQLDJcicRr4blga37o6N+8VB3Y="},{"iteration":57,"seed":"WiHyow0h+2CGfIfD8YemjKrfHNktA8wF3dKalerVy98="},{"iteration":59,"seed":"x2NjWLv66q/zubOaZivA8te1oEMTTnP+127LO5lpvA8="},{"iteration":61,"seed":"FjexNulhxmlg6EkvTurlVrUlymrgllA4SZ+G4qSo0uE="},{"iteration":63,"seed":"PI++FzpOqIJrxoqK1tA7tQLOf9XzDKblPTmEebMjjXU="},{"iteration":65,"seed":"1sESUgDhBQtP6juAEUsuBXBh+vNzLPzVaJUwGGmOPEQ="},{"iteration":67,"seed":"ROzLqme7zVDMtdNn75gj4ehDfoDICsFPzLe3rQiXp3o="},{"iteration":69,"seed":"8U8v69+eHKqKi31/Ue7sctIArIgCXIp9dhYEwhNKdjs="},{"iteration":71,"seed":"bXl8uScBIYL5Lb13M+2MNOP1U+BD18PwDcK7rDBb5Dk="},{"iteration":73,"seed":"/5UPDQMvO3Ssi9rLK0IoewmMKmJuWh2f4gd2TUU9FMA="},{"iteration":75,"seed":"42Fxlzd5e7Sg/JPUULvmIXbXdifvQCdN4yYJKSTiFbY="},{"iteration":77,"seed":"4IeJi6oxJZLynX1yiduJUyMFrRdjH7VrtbHxnqeYzIY="},{"iteration":79,"seed":"ADeFxdARo5MnaVbcqLiZmuHtvSJtAUx46mncXUqxSaI="},{"iteration":81,"seed":"7qRFTciSWtarCvrNWMKIjvx0VZKz1ovZU+djXWrnwiA="},{"iteration":83,"seed":"3ZoMx5r15rBOGcNLGKkJPfWL7GR30CagjApRt/n+abs="},{"iteration":85,"seed":"Lyviq/vEmGeT+tvrXS7R9jyh6JmAt8juwh5qg3h8jqU="},{"iteration":87,"seed":"nudNDjf4mBPDy0v2LhPgd9fzI33MpwU+dr4AJ03hJqU="},{},{},{},{},{},{},{},{},{}]},{"senderKeyId":1780195485,"senderChainKey":{"iteration":85,"seed":"yx/r6DF7SE1p3xGst9tq/p+x4bhPPvu8zL6byaBcnIw="},"senderSigningKey":{"public":"BYcC/QRwrp2/tiIt652n5ebgeKTNBdwnGySootOcxg1q"},"senderMessageKeys":[]},{"senderKeyId":1780195485,"senderChainKey":{"iteration":87,"seed":"XWNrVQVgVwW84Ske9fkliyPZxTxzxrnywDlPcE64O8s="},"senderSigningKey":{"public":"BYcC/QRwrp2/tiIt652n5ebgeKTNBdwnGySootOcxg1q"},"senderMessageKeys":[]}]