[{"senderKeyId":1311761644,"senderChainKey":{"iteration":225,"seed":"+VxYCjecs1kgPmeF6y3obXIdrUT0GFmF6YEFMJwzx0c="},"senderSigningKey":{"public":"BaB7dquqUjzx4gJDKVOpOZrD1RVgfbijb48zLlPQs4k6"},"senderMessageKeys":[{"iteration":193,"seed":"PS97wX6WafTQEaSD/WZq3V9Tcg2gfRoLUSnA8J7kI8k="},{"iteration":194,"seed":"MfuiIG/aqkGiZtHQJ5NkohzjhM34zLCpfIPPhjXDweU="},{"iteration":195,"seed":"p26gX4B0WP+RDxuL1v+fO0Yqe+7/c7++oum17wfd4rY="},{"iteration":196,"seed":"JyhN83lUHpCxD1sRjPReffbVO/UCp4KSvc8jCzzVcys="},{"iteration":197,"seed":"s/WHTsQy7Six3ojH2KQIPIHMbBKqlvkJoCCUwwwdHP0="},{"iteration":198,"seed":"B9SxkVvDdm5nun+s81Nt3w1QVqcmWmC4jlzqOmz4JNA="},{"iteration":199,"seed":"59f9tbdQB5f/+m9VGayGxa7Me6D5+EYOoe8iipupuss="},{"iteration":200,"seed":"7zxI7TvtevGFdU8ZmWkV6Po/NgsoCxagzkNmfMP1dDE="},{"iteration":201,"seed":"n2PS7Lv1p0Itp6fo5ngo0P10NXXv+XB8Dn9tkby/j44="},{"iteration":203,"seed":"89au6g1rxDxUl6kWHdxTHP4a0VEGULb0W6LzNP3nl+E="},{"iteration":205,"seed":"PVcUYu0+I8SAp1xaIezphFN8mCaQDCZxoOlnYJ+11NQ="},{"iteration":207,"seed":"RLWZhqMUKYFUJzaAZuQtngfPNi9AHkgG3ugzVWOzG4k="},{"iteration":209,"seed":"NQTT2WTiOzBrgtUPNjhwGp5Wq3WTrCbTpYSUbCD5pkE="},{"iteration":211,"seed":"/qfmClk270d0SVA7UaykSAT9GnkAgiJUxaghUM6bjxM="},{"iteration":213,"seed":"XPuQYXgOk5lhlkLBLaVCyJhw3N0AHJyuJsPDx3XUOqs="},{"iteration":215,"seed":"3ytXbDh8buw6AQGo/EASMjCDuEUzvcpWj2iz73qMA0s="},{"iteration":217,"seed":"F7oMClcQ9T/PQX71tSXk7ChYaLwhwDv0RxiMr/zdlEI="},{"iteration":219,"seed":"mfyvDkV12xx8XEND4S19sSCGCrwzeLkyH0/WmOWYKJc="},{"iteration":221,"seed":"YS6FqMm9goITN926FuWqjNi2LiysfmstK4ADxvQ9xJk="},{"iteration":223,"seed":"UjB95l6tvHUnnreiYZsmHU/KxyCpZJxX5fo1iIdRApE="}]},{"senderKeyId":1311761644,"senderChainKey":{"iteration":195,"seed":"r5lYpUCUZ1pGbwyDtvMkFIHObCNC1G+BnbVfPK0tsBI="},"senderSigningKey":{"public":"BaB7dquqUjzx4gJDKVOpOZrD1RVgfbijb48zLlPQs4k6"}},{"senderKeyId":1311761644,"senderChainKey":{"iteration":197,"seed":"Q6PQCk3yYXJZA9yLudH3f6S1O1rBNSKO4NMZJIhaMF4="},"senderSigningKey":{"public":"BaB7dquqUjzx4gJDKVOpOZrD1RVgfbijb48zLlPQs4k6"}},{"senderKeyId":1311761644,"senderChainKey":{"iteration":199,"seed":"74dtHwFrxrytLpFnCYk9yj3zPgS3ol8qxIazWhrX+t4="},"senderSigningKey":{"public":"BaB7dquqUjzx4gJDKVOpOZrD1RVgfbijb48zLlPQs4k6"}},{"senderKeyId":1311761644,"senderChainKey":{"iteration":201,"seed":"gvsk0Oy2Few/ZXH9OVkxpQH5vr62ZJpLm0TY0K6WWNk="},"senderSigningKey":{"public":"BaB7dquqUjzx4gJDKVOpOZrD1RVgfbijb48zLlPQs4k6"}}]