[{"senderKeyId":88011091,"senderChainKey":{"iteration":29,"seed":"X+kDdIQSC73y2Bu3gonzx5gKwbBE/xGiDStNU75wxYY="},"senderSigningKey":{"public":"BST+nb2PntdX4B8qAIaQJGnTcSezlnmkbtDpHtudWg0k"},"senderMessageKeys":[{"iteration":1,"seed":"lsSI+Czfne5l5DKRZ+u9dHm2VQBB5vrY0b3d4PzKnoc="},{"iteration":3,"seed":"rzqD7iKp9iKoN/OPQVJB++Icl8bY4bzTiZgCCaXHkAE="},{"iteration":5,"seed":"DmbMJvrr0a0UKuanO6t8J78kZERzDBouNER9NPkdIW4="},{"iteration":7,"seed":"oKwECHy5HpW0zygCH/UOh5lwAYkhAWt38d924KBVfBQ="},{"iteration":9,"seed":"5AAzTIRbxajvQ5ZfzP4GOYqCB5RCc5HmccaMx4X1nhw="},{"iteration":11,"seed":"YKMgUUafZ1+T28HmGPxVhbhKwyqJIrSCNYJJDlPU5aw="},{"iteration":13,"seed":"8CgFkKn5PMNy4V50Qfj3xKvLg3BgJeqn01KlFHcyFKY="},{"iteration":15,"seed":"Sapj4CheLZuGXzPlrZ7CCtCHACaJhNlotfQ5Bx5jI5c="},{"iteration":17,"seed":"rEAyEgJIF0a+cY0ZOesvDcZIfwHT91HSbRY0gi9yWsc="},{"iteration":19,"seed":"Q02zE4LMhLFpEkndr9uiGkkWUISS0nHhbVMLrhBjcvQ="},{"iteration":21,"seed":"LadX9pcL1SzCRHBsuXlorh4/9zt0JPZPj9lWe+3W6gg="},{"iteration":23,"seed":"6gmJymvRnhZd02vjsdhESwAsbV4dhGxI0LRJXVc7LJA="},{"iteration":25,"seed":"PDq3L+u8CAUyw8zOM4SJA4ZcAX3LV3flBErKZJeSL+E="},{"iteration":27,"seed":"/Jq6n6bEqobwkgJ43TXK3Z7G01HZV5i0DUtyFtJ+2Io="}]}]