[{"senderKeyId":442161142,"senderChainKey":{"iteration":8,"seed":"OM6l5QoVsMRHQ9eTa3VpJGBoKAH/a/Fqm3z8hraFTvs="},"senderSigningKey":{"public":"BYoBcurfcPjXaQ5DLZGl0+9Y+C4abSu46cq6XAFKQrNS"},"senderMessageKeys":[]},{"senderKeyId":1529358847,"senderChainKey":{"iteration":11,"seed":"89Jam6kRqv2LI3RbsprhFCuIpW3JRRAsDftPR1wncK0="},"senderSigningKey":{"public":"BQAZcCM7YlyPoT8aGzaX2otkmQotzbXq4cl587sGYa4F"},"senderMessageKeys":[]},{"senderKeyId":997158204,"senderChainKey":{"iteration":4,"seed":"NwRCkzxYoe4bajyFKSCoQRg9113LGvvdRnZQJnfJTpk="},"senderSigningKey":{"public":"Bb8fukLXDZG3nJQR48WDhlTv4lI6/hylsxCgOnXo7xMi"},"senderMessageKeys":[]},{"senderKeyId":641765841,"senderChainKey":{"iteration":3,"seed":"rXOjoHgpUvqW24A1QLwBwe3HynlNuq36q30oGZCp9jA="},"senderSigningKey":{"public":"BSyBWI24e5QvvB7d/RNGyLDKhOpNAnQOTbDoSTziYhQ8"},"senderMessageKeys":[]},{"senderKeyId":531769074,"senderChainKey":{"iteration":2,"seed":"PtpFRgNaXhLVI3nT4X3T0JN0Y4I27ALuLS/8EiRGfhA="},"senderSigningKey":{"public":"Bcws0oqq0VKs4/4t0hWSkWfarovnzeM6JbZcfZ7y+flm"}}]