[{"senderKeyId":875105221,"senderChainKey":{"iteration":4,"seed":"Jt9xrmXOP777tYr5/hbUoGdPqLbO+QNfq2wFHZn46gw="},"senderSigningKey":{"public":"BXTQJS44Qt543JtRd+FnYoOWsduitGsDmOqamosQvlRM"},"senderMessageKeys":[]},{"senderKeyId":1953229376,"senderChainKey":{"iteration":2,"seed":"/e6tjxYZEJSAhn6ZFWsFRlsVGD6IhrXjiNt6Px9itq4="},"senderSigningKey":{"public":"BfNpzu67/y3Y1IN/KXan+cu90pt1bUmKiAwNmJ/pkoMr"},"senderMessageKeys":[]},{"senderKeyId":99991237,"senderChainKey":{"iteration":1,"seed":"7QCHE3LoiRRmokC8ODqjCRUzPoBoGJ0V+8Jvp616/ho="},"senderSigningKey":{"public":"BUTsj/fRQiZSr1OnepV8Ic/YCuVaq+/aeDu2+BMQI8J6"},"senderMessageKeys":[]},{"senderKeyId":1062879812,"senderChainKey":{"iteration":1,"seed":"sbEQfH+AQYOnGYUKBWRCjG0MOMp5WztH3ctzCvuWk+w="},"senderSigningKey":{"public":"BbHKONtwJDsoezcN70rjM0rWpTBYKeXMyXwW4fU+qDYM"}}]