[{"senderKeyId":1895512569,"senderChainKey":{"iteration":1,"seed":"NTSpRO5cUdYpj5eSkN42HOWvgzo8F8G19dYWS0V8peM="},"senderSigningKey":{"public":"BSb4mUwQtSg4cmtV7sTWCgsybmwYO3isGCQ/fb1KbSU6"},"senderMessageKeys":[]},{"senderKeyId":1653239880,"senderChainKey":{"iteration":3,"seed":"Wp5whPyGytM/O5gViXEY7pM4XiPibDrRc7Nh7jgonJA="},"senderSigningKey":{"public":"Bbk6GKQSvtrf92LWr8E72Fu2CIWB+OMdjQMbrNUKFwkf"}},{"senderKeyId":1653239880,"senderChainKey":{"iteration":1,"seed":"NUyJlhxsu6h56GEh9FzK4dSSiforzrm5ppd6S4SNjmY="},"senderSigningKey":{"public":"Bbk6GKQSvtrf92LWr8E72Fu2CIWB+OMdjQMbrNUKFwkf"}}]