[{"senderKeyId":1574904295,"senderChainKey":{"iteration":5,"seed":"L+r31hkv3+1YsMvxm5IeMQCLmn1IU4sCRQ5Q5r4yFzI="},"senderSigningKey":{"public":"BSnzYolp2ZjIvt9Gowh1OoN0de6smkZhRGUEx/Rwua5w"},"senderMessageKeys":[]},{"senderKeyId":1859753012,"senderChainKey":{"iteration":3,"seed":"hcwHBngSreNrVe0sWeRgAXbIExxZgq2cu1fgw2Q52oA="},"senderSigningKey":{"public":"BQbYwRN1ajsnbfD2OaDMdQuWtZrxle4dS43LywAIrcAb"},"senderMessageKeys":[]},{"senderKeyId":1859753012,"senderChainKey":{"iteration":2,"seed":"ekZKoSosH9u0bcle6o93mPvkOvLSFQZQSKR72p5Z7FY="},"senderSigningKey":{"public":"BQbYwRN1ajsnbfD2OaDMdQuWtZrxle4dS43LywAIrcAb"},"senderMessageKeys":[]},{"senderKeyId":1178472619,"senderChainKey":{"iteration":3,"seed":"z3v/c2HKYlJQR1BLqFB/0uOq2jY6+NQXy28js8QOgjQ="},"senderSigningKey":{"public":"BY9XFSzrHHFxbY7udzZSdOsjLo+0E7Mr33F23pLxSEk+"},"senderMessageKeys":[]},{"senderKeyId":574382126,"senderChainKey":{"iteration":1,"seed":"p2cZV4lxROjV3XnLk0yoH9G7AtmF5UUxkAP3oaH/qjU="},"senderSigningKey":{"public":"BW7VFCh6CX+xQdKXrbZ0586QuXyA2KmDf2ohRG3QE1Vr"}}]