[{"senderKeyId":916234885,"senderChainKey":{"iteration":7,"seed":"lI+QGIM5WVaYTl50qg/+t7TO67oJBl8IzqYkiefZV+o="},"senderSigningKey":{"public":"BVXrwsSD9yfNV2xpJ9O1gbyBLFmsjO/KMNgegcowWXw3"}},{"senderKeyId":916234885,"senderChainKey":{"iteration":4,"seed":"qEqeQLBf2dfUs6XnPXG5Ga7A5uVzv/Ue09soxvaRotU="},"senderSigningKey":{"public":"BVXrwsSD9yfNV2xpJ9O1gbyBLFmsjO/KMNgegcowWXw3"}},{"senderKeyId":916234885,"senderChainKey":{"iteration":4,"seed":"qEqeQLBf2dfUs6XnPXG5Ga7A5uVzv/Ue09soxvaRotU="},"senderSigningKey":{"public":"BVXrwsSD9yfNV2xpJ9O1gbyBLFmsjO/KMNgegcowWXw3"}},{"senderKeyId":916234885,"senderChainKey":{"iteration":4,"seed":"qEqeQLBf2dfUs6XnPXG5Ga7A5uVzv/Ue09soxvaRotU="},"senderSigningKey":{"public":"BVXrwsSD9yfNV2xpJ9O1gbyBLFmsjO/KMNgegcowWXw3"}},{"senderKeyId":916234885,"senderChainKey":{"iteration":5,"seed":"od3YmOmYyQmSpHKTOK2F45UXxfQgj416Mu1E4ECzxOw="},"senderSigningKey":{"public":"BVXrwsSD9yfNV2xpJ9O1gbyBLFmsjO/KMNgegcowWXw3"}}]