[{"senderKeyId":581872573,"senderChainKey":{"iteration":61,"seed":"bmZuR9COtr3G5rc42peHVCvk8k4I/HOHLddnfYx1DJc="},"senderSigningKey":{"public":"BUGFWdyXCq6zp9hl0IO4Krb6QOj8CKv6V/8GJFoUnlJe"},"senderMessageKeys":[{"iteration":1,"seed":"ZlYyeAoV9wO8e/DmlRFIiE74u7ud+HkGTeQ2IQyOpIM="},{"iteration":3,"seed":"kHbrRjLRYKbSn9GL+bnSES93J6j7EBxajYXRIGiNow8="},{"iteration":5,"seed":"KKgF27pMOufd+kYUL2+aHAWUYJJsb8dw0IzRzbj/BpU="},{"iteration":7,"seed":"UIQlYb2+FoC+9pKcJWRK7CN3u4uQ8Gravn0imaNU/ak="},{"iteration":9,"seed":"PFrh+o2/mAut8ha0OMNU7YSdLFFpZxoSiCfV/3k8QWU="},{"iteration":11,"seed":"cvRrwl0DR/CVHGyRkNz1Jo2syey03wZqOQKVkd/TPMs="},{"iteration":13,"seed":"Gh5gPyQ4QEWTjzyIMtPt0AjftHNDID0sOeYSPGQ1mF8="},{"iteration":15,"seed":"4mEfQ5BAzgTUkVTRY/YrC5ZzY0tmlgHa0LBsyyP0xEw="},{"iteration":17,"seed":"4gkXPqFGo4yJi1s0gVYVyAlRFjKTDzmQ/SMZpRAL5lY="},{"iteration":19,"seed":"cdoC92X2lzA3y3LjQH5pAB8eSXJuwfcC5MkQLONHpT4="},{"iteration":21,"seed":"eTZAhbFP/TSanHdHEQdxbLIYzfcWt0kIESUtj5+QiQk="},{"iteration":23,"seed":"gqQLfRvhZ/Z1GigBHV3ewXk5TmGMki5qoYVBuSiFhR0="},{},{},{},{},{},{},{},{},{},{},{},{},{},{},{},{},{},{}]},{"senderKeyId":581872573,"senderChainKey":{"iteration":43,"seed":"50kYCRvCB9jdqxN3SoErxWyt9tto6zDqXA8yLI03lh4="},"senderSigningKey":{"public":"BUGFWdyXCq6zp9hl0IO4Krb6QOj8CKv6V/8GJFoUnlJe"}}]