[{"senderKeyId":1701158906,"senderChainKey":{"iteration":4,"seed":"grOqSJIzphNs/LYTSaKaCbTuhEKTW5/Jd1T+QDN8xWI="},"senderSigningKey":{"public":"BcTKnwMsG4412J1E/caDbD8pZPuv+5EFkX1ajpmWOVUD"},"senderMessageKeys":[]},{"senderKeyId":1701158906,"senderChainKey":{"iteration":8,"seed":"2Dr83cZmrxVEGnWNEyqh62ADz4HLZBnU4jaQ5c2IzD4="},"senderSigningKey":{"public":"BcTKnwMsG4412J1E/caDbD8pZPuv+5EFkX1ajpmWOVUD"},"senderMessageKeys":[]},{"senderKeyId":1701158906,"senderChainKey":{"iteration":10,"seed":"hx6hbuxLAtHb4ijCTEfmgn23V8jDjkt5pPR/aZ8nEMQ="},"senderSigningKey":{"public":"BcTKnwMsG4412J1E/caDbD8pZPuv+5EFkX1ajpmWOVUD"},"senderMessageKeys":[]},{"senderKeyId":1701158906,"senderChainKey":{"iteration":11,"seed":"+KBsBo6+U/BwDNFL+qAg9tc+isdL7nOWv56ZqBoTcCk="},"senderSigningKey":{"public":"BcTKnwMsG4412J1E/caDbD8pZPuv+5EFkX1ajpmWOVUD"},"senderMessageKeys":[]},{"senderKeyId":2127206947,"senderChainKey":{"iteration":1,"seed":"Lem9qSrM42VPr7I+981fiOKtvDccJqVWiqpDz+txMVY="},"senderSigningKey":{"public":"BQI/IwGok5XOi6tFtX3mkACLFS7av+qFc7bCTFgflJ5g"}}]