[{"senderKeyId":1875762994,"senderChainKey":{"iteration":223,"seed":"qbxIpbqh+LH6zTVIY+XSej26+0CVjfgu56EC0aw30Uw="},"senderSigningKey":{"public":"BdJofOAmVvut041911txIxmhApiMyFEIL5nIY776MaJ/"},"senderMessageKeys":[{"iteration":153,"seed":"NtlwroeBQFgyB189P87TBKyEpcJAUzo2o8ppFXXZEGg="},{"iteration":154,"seed":"bf5BlxlgU7Cojuh9c2QdU6++pmsQ533gdGMZV894dBY="},{"iteration":155,"seed":"1CWdtV29I75CP/tJwbtedM2tFjlh7ZKnOoVQDGycMpo="},{"iteration":156,"seed":"ZGrbLM/TkryZC6PiFzhTPN4AMUsHF6ORxrtHx4vG/48="},{"iteration":157,"seed":"snFmEirV2ok6drkM2vMA0IZWPaLIXO7iJoO3iwTBGv4="},{"iteration":158,"seed":"cHLaIsAZaEpTI2eRcgNTNVMO1g+s/CGwdSWWvgmwyhI="},{"iteration":159,"seed":"tes1JM4QpLs1qIY87CW9LCI2RsDEOpnKWrCwlWGZpmI="},{"iteration":160,"seed":"ljPBd1V6mDwecZICyxfkxGquk35Db+zGJk18vU+pp9I="},{"iteration":161,"seed":"KjAsV26hMIr4IbKtd59K74otgsh6b6D3kq5QLapdWc0="},{"iteration":162,"seed":"tT4VZWe54ZHzoTA81dlJCVkTmfMZImOnpEv9faAP9aI="},{"iteration":163,"seed":"NT9ijEq2loOP1mihgI4QOU/RPNlJ159r1W0Mf9D4SHs="},{"iteration":164,"seed":"escdf6rh+dB5/oK2i76s9abVmJkfJ5J77K9PWCYy8+E="},{"iteration":165,"seed":"a+om7/fXgLY7ik8Xr641py3Msnu4Lx6lnYwrZtCEmfM="},{"iteration":166,"seed":"gwxAzLW/nMw1jkaupH4V3lgdtBiatUZMrCgOjE63EDA="},{"iteration":167,"seed":"aGro0ogVjPbvy5mSGJX12rZ617CfeMrSamtKnSr1qkw="},{"iteration":168,"seed":"sbt68zEHz34UzRzgJb0NYddv8abO+yIE4A3FKrE2Hi0="},{"iteration":169,"seed":"RNBdVs9sw74pYFtdtIGvfYXyhg6AgmDkfHEtxoyXuuk="},{"iteration":170,"seed":"cYycZW0JNY/JaoQOIqV+kTqf7xjFmbO4T0+i/QUXTX4="},{"iteration":171,"seed":"07EWFVOfa1kVgnvue9nB6goDMQZQwGwEOMb8EmXVW3s="},{"iteration":172,"seed":"vDfUuTj+N6VVzsu4T23Kwc9ovMSMkzgux+l2OnVwRLY="},{"iteration":173,"seed":"kFWRhCbhBLM1s4M6MD5fWuXka0ttLWS0/T6TQKoju3c="},{"iteration":174,"seed":"3+/fRcVhtDH1+cKY/l7+liixF/VuLLWo1HIJ7/Z1nLY="},{"iteration":175,"seed":"wb9INd8bQo0qhJwRjlXxe43KLhkJ6e/XlH+p9GVhiPs="},{"iteration":176,"seed":"zaxyNdf2GUjCorvX3wy2b8VXQJGNbMFj8cubXVBye+Y="},{"iteration":177,"seed":"73CX4wZf0br3HI1IBTIUeBEmr40pH8tqUYzJUTeBv34="},{"iteration":178,"seed":"vfXK8it8cY1aV2mXXTLkzRlgC1hnCn0kvUrjIMk/TRs="},{"iteration":179,"seed":"Hl2VN1DZ4+FQH/UjBh1+Wuhdg3fx5+XZnepio+mGUhI="},{"iteration":180,"seed":"DdLOUez4ZqTNjk63NINQNGAHgmMMqVFntLfxUAlwCaQ="},{"iteration":181,"seed":"SHxUYNIdV73GUiq37BTjfGbS5SyMLXmNsyqpliRNOpo="},{"iteration":182,"seed":"3xyw1i/wP8gVC2jaYDHG6hWCSCouh5shjBV5qln5OAM="},{"iteration":183,"seed":"tFJf0Z/Ne1wGx9VOEt5hZe3jmfaIahWUNjr66oJGRR4="},{"iteration":184,"seed":"M6y9Ja9YyYcsL8itmuFpjO8hQw1Dfj87V/CKe5KaPUo="},{"iteration":185,"seed":"gdW1VU4CDP1IE+iBRNlP9oz2NBs0d4t5TbyJsM/yohc="},{"iteration":186,"seed":"X+1outfOb8AMiyR7wrQ/p7Ka0zvcli4joxz4MhHu8OA="},{"iteration":187,"seed":"scVIJSHywz1Vrc7fglGx1QZY/c6xEBOs9uNKG760dXY="},{"iteration":188,"seed":"b1ozsXCqO9Rc1cKTQKKHzlIwF2jyw4A3u35CzxwS5ik="},{"iteration":189,"seed":"7oOFGuid6Yi5w8iQBZ3lw4vX10VIRQc3/M7wG+uKPx0="},{"iteration":190,"seed":"2b06tV1dhPOm+qbbZO8jXVZEpEakcAcXWbkD8d7uGdo="},{"iteration":191,"seed":"3yKnqQsMCV30hDQV2U82g7emNogldBk9nUWITq0t4xo="},{"iteration":192,"seed":"s5KxloMxaC9dQEN3hRGcojnP3ZHRUVgp5EtWXnwubPI="},{"iteration":193,"seed":"15BPvkGK79gnygjUqwCPsvojmETZTHAqHRiLbwe3cqQ="},{"iteration":194,"seed":"4RKx0iH8lcD2rsqDMZjpzWC8/MGibG8rMOAd8m1XRpM="},{"iteration":195,"seed":"0u3D8eOgGUwR5ZSZ1ApPgrwmbN5YfjNztSy6bIIuSpM="},{"iteration":196,"seed":"96BwXhE4dO+1dyjewK0yl+W+Ml99hhHH/L7Qxk273Tw="},{"iteration":197,"seed":"U+za0VXMNIoi9nnunOqPt7r9OAjZZA6qgrPiUL+NR7A="},{"iteration":198,"seed":"yemyhsdWHgAK6fMen59y6k4W2Ayv7w5R3WgAw7W400g="},{"iteration":199,"seed":"8CHCsWVVW4LfwyWw8gomLJusMmWXE0ayq/uCyIeHX7A="},{"iteration":201,"seed":"1lqIIbISPGb7/Oj2EqK1bqVqOmCyA+tjBIkMmnQI4rY="},{"iteration":203,"seed":"CLzsR9tAkuPdxPl9HDA8TM/L7Uo1EOpfHXTzfN3viqg="},{"iteration":205,"seed":"ka6Wm7gijQXYY5AGlDKpddyqirmmsTKRnkmBWRzDQ0k="},{"iteration":207,"seed":"FVHGMqEtgureYkEFs8r6CLc/T9pSRLQzLi3vQyZ1hdI="},{"iteration":209,"seed":"vwthY1V+1tT0lRx7ycEWoTvMIucDeTUld3yNcf/MzZg="},{"iteration":211,"seed":"W913jgmx6u3p5br/3sndiKdFgk8FtFzJKTwTtfa7vrs="},{"iteration":213,"seed":"/FPm2fgp4plBdowWMt7pklOMn5eFuchnPjG66LZYW2g="},{"iteration":215,"seed":"tKo1MXjwn9LyZYUUBWiA8vw1q9rM/rMX6E0M9/stz+8="},{"iteration":217,"seed":"f3kIJN+BVY496nw140P5vxGYcs7eKWIcz4tcHa0eFok="},{"iteration":219,"seed":"HQ3M5fjJb9YwoMilIaiWy0X9ovi0PMVE0fg8VrXlong="},{"iteration":221,"seed":"8+NEu2IbFvlrsqP2GmYqO2lKnrnLCua+SihWfMOQfFA="}]},{"senderKeyId":1875762994,"senderChainKey":{"iteration":169,"seed":"BGQduOBA5DplVaWW1A4dFw0swQ/nK5ztPFyOwzX4dNs="},"senderSigningKey":{"public":"BdJofOAmVvut041911txIxmhApiMyFEIL5nIY776MaJ/"}},{"senderKeyId":1875762994,"senderChainKey":{"iteration":175,"seed":"ReD3OTD3XPT7mWxhGzJrKCA+aGHATnfeQHJ5kYXkv9Y="},"senderSigningKey":{"public":"BdJofOAmVvut041911txIxmhApiMyFEIL5nIY776MaJ/"}},{"senderKeyId":1875762994,"senderChainKey":{"iteration":187,"seed":"mrMQwxCHlYce5g1rZ59QDsx1fpKpdW7zlDH3r2PNPoU="},"senderSigningKey":{"public":"BdJofOAmVvut041911txIxmhApiMyFEIL5nIY776MaJ/"}},{"senderKeyId":1875762994,"senderChainKey":{"iteration":199,"seed":"mVb6ptvzaMP/SX2//lx5OCUckm7r2rsoOVWlg87K1qc="},"senderSigningKey":{"public":"BdJofOAmVvut041911txIxmhApiMyFEIL5nIY776MaJ/"}}]