[{"senderKeyId":935264725,"senderChainKey":{"iteration":5,"seed":"ZIGHt+arvaWj9bgJ7yGHwqXM6f84qHb0iBP7S6pXFzU="},"senderSigningKey":{"public":"BRIMnL3DRseKisnKIq4agCxxHhzztbfC8dUOQHbLR1o7"},"senderMessageKeys":[]},{"senderKeyId":935264725,"senderChainKey":{"iteration":4,"seed":"BKLlSoJXN8U1ty2lajsZkj6wkTEWKTHmSTlX5v3Vwp4="},"senderSigningKey":{"public":"BRIMnL3DRseKisnKIq4agCxxHhzztbfC8dUOQHbLR1o7"},"senderMessageKeys":[]},{"senderKeyId":712067275,"senderChainKey":{"iteration":1,"seed":"tLPavwHMXhkg186T4xAphCdFavfgtsx0oOaGXdlkh0A="},"senderSigningKey":{"public":"BfVlyszCkeh2suG9Z9Qggc+mqnojeRQtVH3kagKSG3M1"}},{"senderKeyId":1475602844,"senderChainKey":{"iteration":1,"seed":"MUVY31WQNDA2+C+XBDCWMhMZLYnjs4cxJO5ehk9f5dU="},"senderSigningKey":{"public":"BZcJFa/Gk8OOHCXiOsepy4AYfaHFnJOPDCtRS7hf5eZ3"}}]