[{"senderKeyId":669449709,"senderChainKey":{"iteration":125,"seed":"UVOdj+mkcK/IMOHkWADA0JgSXeqHsLDdfrFnHVD0cd4="},"senderSigningKey":{"public":"BapXkajkCG7RGhORsIwCvywRlklTvYoStV8PdRo585xI"},"senderMessageKeys":[{},{},{},{},{},{},{},{},{},{},{},{},{},{},{},{},{},{},{},{},{},{},{},{},{},{},{},{},{},{},{},{},{},{},{},{},{}]},{"senderKeyId":669449709,"senderChainKey":{"iteration":89,"seed":"sZXKiTXeMQaISnQIMpUlJCT1jf+QLui0iXZ/v2ZACHY="},"senderSigningKey":{"public":"BapXkajkCG7RGhORsIwCvywRlklTvYoStV8PdRo585xI"},"senderMessageKeys":[]},{"senderKeyId":669449709,"senderChainKey":{"iteration":91,"seed":"CRuUOay4XR0rAVVmGAoD2WcZbVdPEv6D/8yUIqH6J+E="},"senderSigningKey":{"public":"BapXkajkCG7RGhORsIwCvywRlklTvYoStV8PdRo585xI"},"senderMessageKeys":[]},{"senderKeyId":669449709,"senderChainKey":{"iteration":93,"seed":"LvPYf+kShf6KxnK3esvqrUhO+31NLFAIw5S61un83jo="},"senderSigningKey":{"public":"BapXkajkCG7RGhORsIwCvywRlklTvYoStV8PdRo585xI"},"senderMessageKeys":[]},{"senderKeyId":669449709,"senderChainKey":{"iteration":123,"seed":"rxEMX8b+8yFCgPwgtAkOmKNiuUGQn1F5IFWaBqlhbmw="},"senderSigningKey":{"public":"BapXkajkCG7RGhORsIwCvywRlklTvYoStV8PdRo585xI"}}]