[{"senderKeyId":1975139325,"senderChainKey":{"iteration":411,"seed":"z5GcjygmR8kgGE8CkrbGh+meNKyoqGQj2kOmojL+XOo="},"senderSigningKey":{"public":"BYLpjj8xwyq1HHHPQJUjcJIE8TJLfRLUfnTMejbG0aIg"},"senderMessageKeys":[{"iteration":385,"seed":"hQA1ei2jrhJL+D9Ee86HZt97W/yoXwbsUzMNGKm9o5Q="},{"iteration":386,"seed":"3qEgzNLnwyCyyeB3uMYkup56tVDmdcGGTIMxadITT60="},{"iteration":387,"seed":"kTlgvcZoDeLRw/Nz6VgYZiyehnjOsYVEg+R5k0HhJ+Y="},{"iteration":388,"seed":"fGqU+xgYNWTbrc3QzYyyaqUWNBxVxZ6OTJSAwtrmB8I="},{"iteration":389,"seed":"AoVOocNL6OuPbsnBgUxY+LXGpFGvEOHdgsbo9XsMvIU="},{"iteration":390,"seed":"iiBVbzs7po4DfWZropckTU+3Tiy4Eo/3CzCmcACOsYo="},{"iteration":391,"seed":"tIlkk4NX9NooP/W01GIaI4nPjNoNgeokaL+qXFVysMw="},{"iteration":392,"seed":"zsI05fvfkM3mo3z2ZHZf6hRVY/odJyVUPP9hMtquIHw="},{"iteration":393,"seed":"CbIn3gHtelUz9wpBjUy6eBC+B/oN6CQL8QrlupMFX+k="},{"iteration":394,"seed":"RzR/g2pW7y5bFWey21KbljdEA8/fOqL7qFlGFj0QzyQ="},{"iteration":395,"seed":"u/ZIsRYIWnBrVH2aEEtuUk6TlSVBLAWjY5w1jfvgu7I="},{"iteration":396,"seed":"XD7kRF42tjvqOXWqRfcQpSgUxDBmJ55xYjYYnwJ7h/A="},{"iteration":397,"seed":"nZVUyYSIvtKTQWbNYQWS1GuC9kbtNQ/BPBERxJaLHmw="},{"iteration":398,"seed":"J9a1WTrZhvhERxvIgZ9SwNlfpRk9dNYIAFZxb3dD5xc="},{"iteration":399,"seed":"/X2ATqkm4wShpJ6uZ21Z61EtgqrA90Zj71JCmoGZjXc="},{"iteration":401,"seed":"vAvMSgzY8Mwp9sAWmQiBSckvCbhAuw0J3Qunj31+UtI="},{"iteration":403,"seed":"kZ+Pyypt28NEJDkOp5+/x0NAvdWMbJW7kwtLNomDYPM="},{"iteration":405,"seed":"19Qt+RxiGE0PvZl631/Ag5i62l6DgqCESKpqV3lb6Ig="},{"iteration":407,"seed":"48ugY9NVtNIQSAuaUpxNgb4YU4VREIj6x22FptZFyro="},{"iteration":409,"seed":"kd3DqZJQFI6LqbIHJvHmiIcLD1/ulC/3zhsvwxbu3Ik="}]},{"senderKeyId":1975139325,"senderChainKey":{"iteration":391,"seed":"V/NCfyKlGwyP1u/Upbtcku3qdNJFEQvdeUY/k5LR9S0="},"senderSigningKey":{"public":"BYLpjj8xwyq1HHHPQJUjcJIE8TJLfRLUfnTMejbG0aIg"}},{"senderKeyId":1975139325,"senderChainKey":{"iteration":393,"seed":"5OOS/0t9pY+vkVbgqLAtH0uN4qQOPit3BwDO8Nakoaw="},"senderSigningKey":{"public":"BYLpjj8xwyq1HHHPQJUjcJIE8TJLfRLUfnTMejbG0aIg"}},{"senderKeyId":1975139325,"senderChainKey":{"iteration":395,"seed":"8SzcP5yTjTd7XgO+lq/WqwqHaorBpGz5AYPknEKI3WU="},"senderSigningKey":{"public":"BYLpjj8xwyq1HHHPQJUjcJIE8TJLfRLUfnTMejbG0aIg"}},{"senderKeyId":1975139325,"senderChainKey":{"iteration":399,"seed":"QBRdkUY1CGLXAq7OcvReRD/HSoad32YCHASlpNAFyqI="},"senderSigningKey":{"public":"BYLpjj8xwyq1HHHPQJUjcJIE8TJLfRLUfnTMejbG0aIg"}}]