[{"senderKeyId":1213425612,"senderChainKey":{"iteration":33,"seed":"1AD1pDlCJkfMTt6qJI4TWMIIxfZn3ANRotslu6u1+Ys="},"senderSigningKey":{"public":"BTnSjuxBUpwSTaTqZI7oEp9hN1cXkszfXoq9Fe6UTgwC","private":"KJVlP9CT8heelDc1v+KHfWhD2NMEYrR2IxqsPG+uKkg="},"senderMessageKeys":[{"iteration":1,"seed":"zxtj2Nk7NJ+a3lQydGmnwbUaxwk0kSoX8XBytBhwt6c="},{"iteration":3,"seed":"f26Ay39U14DX60DzomkpHrrPcJGFyDYTtBxvNRPutZk="},{"iteration":5,"seed":"GrXD8KmtpvQ491GV5WDDZwXxBNRmjssJNfO3PonCvQY="},{"iteration":7,"seed":"kMtUNVVIbBtLKelu6pmkY1mNNJ3W/6K3+1vI0NOzMG8="},{"iteration":9,"seed":"nK9XuJKoc09rFebtbAzSCY73ObYcsLjml5nY9kKqs/o="},{"iteration":11,"seed":"1q5PiL1P8CfeClyLzYucy4aNMtHp6aEg8/et4QKVqlg="},{},{},{},{},{},{},{},{},{},{}]}]