[{"senderKeyId":876459469,"senderChainKey":{"iteration":17,"seed":"5GYtLU/elvUFEtffRftAQVxmtaTpVtQLdEboOwkMpN0="},"senderSigningKey":{"public":"BVosWnodmTPNk3B2WHg8PybnvmXsMJhLQIUz+1k9Tn4E"},"senderMessageKeys":[]},{"senderKeyId":1103191281,"senderChainKey":{"iteration":77,"seed":"wy+BnJRCYfNLN6uIDzmO1HGA9PZdgnQwNTJNN7WYhd0="},"senderSigningKey":{"public":"BeN9TCG6O7y/74Dn2cAnOyQIOVlrYINohZaJ/tB0miNg"},"senderMessageKeys":[]},{"senderKeyId":1103191281,"senderChainKey":{"iteration":75,"seed":"dHZcre54b4dUa0X6lcweBnkhQWyaOFZoOrJd0tVa/CE="},"senderSigningKey":{"public":"BeN9TCG6O7y/74Dn2cAnOyQIOVlrYINohZaJ/tB0miNg"},"senderMessageKeys":[]},{"senderKeyId":1094751431,"senderChainKey":{"iteration":7,"seed":"WOi6bf4ZKKhxqIZWY7W4928/4rrACCy0ZUtd71sdZYw="},"senderSigningKey":{"public":"BYf1MjDjx8zZRPhycXCesu7oNKvJrMqLXb04hkQvHapy"},"senderMessageKeys":[]},{"senderKeyId":216418866,"senderChainKey":{"iteration":38,"seed":"SYy01IxBYvcdnwPxBs1hlfv1bX6suWrg6Xa9mAqNQ+c="},"senderSigningKey":{"public":"BZQWNtoM9OFms2P0XokuwkuXCAg/OndNnizGsjvB+79b"},"senderMessageKeys":[]}]