[{"senderKeyId":271865862,"senderChainKey":{"iteration":113,"seed":"ZZVYmOrRE843MzPRYrk15Lp/3uQ0iS9xvNIqO0c1qHg="},"senderSigningKey":{"public":"BXCO8sX8orNK2F/j95s8maNAJ0HzMbcBWCMtJGDtCpBQ"},"senderMessageKeys":[{},{},{},{},{},{},{},{},{},{},{},{},{},{},{},{},{},{},{},{},{},{},{},{},{},{},{},{},{},{},{},{},{},{},{}]},{"senderKeyId":271865862,"senderChainKey":{"iteration":49,"seed":"8IZnmUecLNsEPALJfcAiC+LTZZ3FVY7TONcmizijbvU="},"senderSigningKey":{"public":"BXCO8sX8orNK2F/j95s8maNAJ0HzMbcBWCMtJGDtCpBQ"},"senderMessageKeys":[]},{"senderKeyId":271865862,"senderChainKey":{"iteration":47,"seed":"Fs/CjhAzC7gKTTxbDSLLu4OL4xOzYs1qb8yMXp6VHvE="},"senderSigningKey":{"public":"BXCO8sX8orNK2F/j95s8maNAJ0HzMbcBWCMtJGDtCpBQ"},"senderMessageKeys":[]},{"senderKeyId":271865862,"senderChainKey":{"iteration":49,"seed":"8IZnmUecLNsEPALJfcAiC+LTZZ3FVY7TONcmizijbvU="},"senderSigningKey":{"public":"BXCO8sX8orNK2F/j95s8maNAJ0HzMbcBWCMtJGDtCpBQ"},"senderMessageKeys":[]},{"senderKeyId":271865862,"senderChainKey":{"iteration":51,"seed":"JqAkxBmgTSbYsZChX+Zmm963DTU0U04dQMRnsd4y0fA="},"senderSigningKey":{"public":"BXCO8sX8orNK2F/j95s8maNAJ0HzMbcBWCMtJGDtCpBQ"},"senderMessageKeys":[]}]