[{"senderKeyId":660690655,"senderChainKey":{"iteration":9,"seed":"HZrXm8F11r/fB2C2MMcdPB2ofNC+AJjzWwQSgbqZINk="},"senderSigningKey":{"public":"BWC0GVzA9tc4zpMzM5yFZbMxG11LTzqLX50BotX+pdJ0"},"senderMessageKeys":[]},{"senderKeyId":1306815358,"senderChainKey":{"iteration":1,"seed":"uAgh8dUyNQOcjFJF2rqsfCSczI5uZnf4RAvf4pfRk7g="},"senderSigningKey":{"public":"BavZSgqDNIfSWI4dAWRB0SqqDd2ArVup+PaoJ6FJuXQc"},"senderMessageKeys":[]},{"senderKeyId":595107803,"senderChainKey":{"iteration":8,"seed":"5+iRxBy05f4dqmmkhIpKu4FbnB5RwOLPoGVrExxx8yE="},"senderSigningKey":{"public":"BVOTX1wgZDqcIGH1oUqHX9LwsyH9oNvmSNfXL5RKSKBH"},"senderMessageKeys":[]},{"senderKeyId":595107803,"senderChainKey":{"iteration":3,"seed":"eQ0vIRyMk4TsEeHhRwAXxM4F/EXHnsIkwYw6IkaRHko="},"senderSigningKey":{"public":"BVOTX1wgZDqcIGH1oUqHX9LwsyH9oNvmSNfXL5RKSKBH"}}]