[{"senderKeyId":1497539643,"senderChainKey":{"iteration":65,"seed":"c2Il1R4DsTOw6400O/wXPF0t46XcDf0iAzd9QGlmfDw="},"senderSigningKey":{"public":"BYxaPMY17gFYJ6Zyl1GupuG31LZvtmcnTsHnJOohqUsG"},"senderMessageKeys":[{"iteration":1,"seed":"Hqk4rfyuuKDdxAR43OMPnFXH6Emp7wZcIJBfRHGd7gM="},{"iteration":3,"seed":"8oZfAa10WGUglf0NAfscId8qkRVbOQUDLmNE/JKE9p0="},{},{},{},{},{},{},{},{},{},{},{},{},{},{},{},{},{},{},{},{},{},{},{},{},{},{},{},{},{},{}]},{"senderKeyId":1497539643,"senderChainKey":{"iteration":59,"seed":"93PpwBGU+7hgPKneBoWFcfAp1zmwfStdQyOnc/lPEiU="},"senderSigningKey":{"public":"BYxaPMY17gFYJ6Zyl1GupuG31LZvtmcnTsHnJOohqUsG"}}]