[{"senderKeyId":384681195,"senderChainKey":{"iteration":22,"seed":"e2YQAoL6L+XuuiHGl+sJws5PT2hYQDQr5sgWfluVSns="},"senderSigningKey":{"public":"BfV5NUgO/+/G4vilnwZjWCN/SmqH+iwbeM0a1v08uyh6"},"senderMessageKeys":[]},{"senderKeyId":384681195,"senderChainKey":{"iteration":37,"seed":"E/YhAGTiWiHjJ6cDg+F2rx6HZ1HhHyhGwGcwapadxPk="},"senderSigningKey":{"public":"BfV5NUgO/+/G4vilnwZjWCN/SmqH+iwbeM0a1v08uyh6"},"senderMessageKeys":[]},{"senderKeyId":1144157784,"senderChainKey":{"iteration":87,"seed":"vs6EWPGe2/3TOPRDdduCi5iK/VD0dVb35lGgBr7Xn7k="},"senderSigningKey":{"public":"BWPvPFkqefrhSIs+rp8V+LETsaEqGqe6huVFHDaUOvkE"},"senderMessageKeys":[]},{"senderKeyId":1144157784,"senderChainKey":{"iteration":27,"seed":"aFJbn5UfT03hzhT0rPTsBWmIpBGkBKdNl8BmDmGz7GY="},"senderSigningKey":{"public":"BWPvPFkqefrhSIs+rp8V+LETsaEqGqe6huVFHDaUOvkE"}},{"senderKeyId":1144157784,"senderChainKey":{"iteration":28,"seed":"n0Khoqp7KeIxtwYRq234Cp1v73lAM3EB6pLf7yqOo7s="},"senderSigningKey":{"public":"BWPvPFkqefrhSIs+rp8V+LETsaEqGqe6huVFHDaUOvkE"}}]