[{"senderKeyId":798036491,"senderChainKey":{"iteration":6,"seed":"UH+NvOGjbe3sVFNYZHJ7uysAAVYgwx5aiK7wuZPrXts="},"senderSigningKey":{"public":"BQUPTeJZlVOPM1DOhI839fGNQ3O8zFwFpoWyvXXkW7sQ"}},{"senderKeyId":1221724228,"senderChainKey":{"iteration":2,"seed":"KcWC/A4e+KRS7UAr6S9YF3MXF9o3ll5rXcXBZ4l4i70="},"senderSigningKey":{"public":"BZiDxN37kYplwKz69BSLRxTI2ezty2rkgBSI2x8C6Bcs"}},{"senderKeyId":627333522,"senderChainKey":{"iteration":1,"seed":"YYGA+6GewZdWTKNO9/WWWIlXR4Sz1aPK2NsOvB4Vt/c="},"senderSigningKey":{"public":"Baqtew4UlhaA6x8biyemAoNCxzTntGN1CCw4W5GwsMp9"}},{"senderKeyId":627333522,"senderChainKey":{"iteration":1,"seed":"YYGA+6GewZdWTKNO9/WWWIlXR4Sz1aPK2NsOvB4Vt/c="},"senderSigningKey":{"public":"Baqtew4UlhaA6x8biyemAoNCxzTntGN1CCw4W5GwsMp9"}}]