[{"senderKeyId":2118233691,"senderChainKey":{"iteration":4,"seed":"3F3ZT287j0Od87qVOqVkLN/0Ex1xkQvmYFhMYoO/jkk="},"senderSigningKey":{"public":"BcHgT2kjxgRA6OTcdnpyqfnhz59mvSwnDfYJuxlY9+wo"},"senderMessageKeys":[]},{"senderKeyId":2118233691,"senderChainKey":{"iteration":2,"seed":"f0APo50PN5jjcSvsV1o8Y7GVXsD+lGeCJ0zmtzRkHm4="},"senderSigningKey":{"public":"BcHgT2kjxgRA6OTcdnpyqfnhz59mvSwnDfYJuxlY9+wo"},"senderMessageKeys":[]},{"senderKeyId":1507114542,"senderChainKey":{"iteration":2,"seed":"RyiGAfKuU4O+3FVBzvOiytC14TYLXvKx3yKjbfrAyZo="},"senderSigningKey":{"public":"Bf1QWz6sVWboWBPZpXEvxlV4vIxaYeB9cnJNzfGHmk98"},"senderMessageKeys":[]},{"senderKeyId":1507114542,"senderChainKey":{"iteration":1,"seed":"wn1To0iRu43aBCPdHYi8yd98vBSwSxVkYmUhIc5ravQ="},"senderSigningKey":{"public":"Bf1QWz6sVWboWBPZpXEvxlV4vIxaYeB9cnJNzfGHmk98"},"senderMessageKeys":[]},{"senderKeyId":56996859,"senderChainKey":{"iteration":1,"seed":"o634V+b7swF/CwsCaP7bl4uLZRIr9GiYZDDjiYqtF30="},"senderSigningKey":{"public":"BeBmf6VzianJKk2TTfUu84NL2rWSg5IfcN3eCWN8l0AK"}}]