[{"senderKeyId":385335623,"senderChainKey":{"iteration":113,"seed":"17BA1gbEL9u0Hn7NSODeaKI8fkHV9PI90zkpWRuBKSY="},"senderSigningKey":{"public":"BR8kVYevgNheagMcXK73b3Rzzbg0+tK1x8sXjsOAJ4sl"},"senderMessageKeys":[{},{},{},{},{},{},{},{},{},{},{},{},{},{},{},{},{},{},{},{},{},{},{},{},{},{},{},{},{},{},{},{},{},{},{},{},{},{},{},{},{},{},{},{},{},{}]},{"senderKeyId":385335623,"senderChainKey":{"iteration":75,"seed":"VTJIHh8gKkcwbg7FZGIoh4CVqQkg4Rsw02/CpAQdjQk="},"senderSigningKey":{"public":"BR8kVYevgNheagMcXK73b3Rzzbg0+tK1x8sXjsOAJ4sl"},"senderMessageKeys":[]},{"senderKeyId":385335623,"senderChainKey":{"iteration":89,"seed":"NUJidvrJpsRUdmpTU958hD6XfYBylVchF2NHfSqe580="},"senderSigningKey":{"public":"BR8kVYevgNheagMcXK73b3Rzzbg0+tK1x8sXjsOAJ4sl"}},{"senderKeyId":385335623,"senderChainKey":{"iteration":93,"seed":"/kYEXI05br8AHF9iMCOG0OHrORPPiviY5lZHI/Yw6V4="},"senderSigningKey":{"public":"BR8kVYevgNheagMcXK73b3Rzzbg0+tK1x8sXjsOAJ4sl"}},{"senderKeyId":385335623,"senderChainKey":{"iteration":97,"seed":"XPbsP1twD6HZSFU+SApCDYXeQT6VQ5QVW89O47NaBcA="},"senderSigningKey":{"public":"BR8kVYevgNheagMcXK73b3Rzzbg0+tK1x8sXjsOAJ4sl"}}]