[{"senderKeyId":957602838,"senderChainKey":{"iteration":17,"seed":"YchxYzp8Kq8hZP6DM36iORFMkRvJ9bSty4VTJyYBRi8="},"senderSigningKey":{"public":"BTcNhyXbUnkvgLkvjBAL4fQvyG+Xd1u6ywcG47/lAUpg"},"senderMessageKeys":[]},{"senderKeyId":957602838,"senderChainKey":{"iteration":16,"seed":"KeZIhifR5BYfHFBMU2NvrPPRPTAGUtCIs2lIsyfB678="},"senderSigningKey":{"public":"BTcNhyXbUnkvgLkvjBAL4fQvyG+Xd1u6ywcG47/lAUpg"},"senderMessageKeys":[]},{"senderKeyId":1766660819,"senderChainKey":{"iteration":1,"seed":"j3DKeGFm6B/cfdOPyL8N4nscop162Doj6XtgJiuBjOM="},"senderSigningKey":{"public":"BZzpRXGRA4IB+yvC4wZWuaIk2YOkDivYnymr/pCvKxNc"},"senderMessageKeys":[]},{"senderKeyId":663767468,"senderChainKey":{"iteration":20,"seed":"bfeiDIpcRv4249Hin2U4+19L0K1EOCeDCRax/4AXzEQ="},"senderSigningKey":{"public":"BZuRCDoJl/CJZm3G/l6QeYJ41xgGwDcvqVlhDk3shpNM"},"senderMessageKeys":[]}]