[{"senderKeyId":1142182898,"senderChainKey":{"iteration":183,"seed":"ELnTgY197w5MY+KVhkP+c/YK+4d9VoyUk7inG0Ewdh4="},"senderSigningKey":{"public":"BQJEPDj5WdqolIvZ9XEj1dK6iCxrpACXhp6YQRjNbDdk"},"senderMessageKeys":[{},{},{},{},{},{},{},{},{},{},{},{},{},{},{},{},{},{},{},{},{},{},{},{},{},{},{},{},{},{},{},{},{},{},{},{},{},{},{},{},{},{},{},{},{},{},{},{},{},{},{},{},{},{},{},{},{},{},{},{},{},{},{},{},{},{},{},{},{},{},{},{},{},{},{},{},{},{},{},{},{},{},{},{},{},{},{},{},{},{},{},{},{},{},{},{},{},{},{},{},{},{},{},{},{},{},{},{},{},{},{},{},{},{},{},{},{},{},{},{},{},{},{},{},{},{},{},{},{},{},{},{},{},{},{},{},{},{},{},{},{},{},{},{},{},{},{},{},{},{},{},{},{},{},{},{},{},{},{},{},{},{},{},{},{}]},{"senderKeyId":1142182898,"senderChainKey":{"iteration":29,"seed":"p+5nV7zaekU2QTGDBlPSfEI+Sjq8k1PziQCvvCMWfwU="},"senderSigningKey":{"public":"BQJEPDj5WdqolIvZ9XEj1dK6iCxrpACXhp6YQRjNbDdk"},"senderMessageKeys":[]},{"senderKeyId":1142182898,"senderChainKey":{"iteration":41,"seed":"zgjFNGyPXQPL4vAE/8ozN8X9aaFEj2q83MqM9p6G1Es="},"senderSigningKey":{"public":"BQJEPDj5WdqolIvZ9XEj1dK6iCxrpACXhp6YQRjNbDdk"},"senderMessageKeys":[]},{"senderKeyId":1142182898,"senderChainKey":{"iteration":145,"seed":"c8NDGhW3yVPgeG2XgZTSYJ8JgEiIs7l+3ZH51dbl9mQ="},"senderSigningKey":{"public":"BQJEPDj5WdqolIvZ9XEj1dK6iCxrpACXhp6YQRjNbDdk"},"senderMessageKeys":[]},{"senderKeyId":1142182898,"senderChainKey":{"iteration":181,"seed":"NeJiZeyIM0qlksMb1qdebOpgvGlhmvF+vCDEdH+JP8I="},"senderSigningKey":{"public":"BQJEPDj5WdqolIvZ9XEj1dK6iCxrpACXhp6YQRjNbDdk"}}]