[{"senderKeyId":1783109444,"senderChainKey":{"iteration":6,"seed":"RPv0oq/1HXbtcLVpfPj+DC7qUNSLwgynbiS/4LO2EFE="},"senderSigningKey":{"public":"BW5T1qp0J9Xz0Gz3vWkfoSZaiSfhx/FyKXRPxL/+mUYM"},"senderMessageKeys":[]},{"senderKeyId":1783109444,"senderChainKey":{"iteration":4,"seed":"dvUEQLZrmHMIHIi02+lHEqvy9D5az21yAYN97lKeBqs="},"senderSigningKey":{"public":"BW5T1qp0J9Xz0Gz3vWkfoSZaiSfhx/FyKXRPxL/+mUYM"},"senderMessageKeys":[]},{"senderKeyId":1783109444,"senderChainKey":{"iteration":5,"seed":"PZ8l/15oVlUx48wkE7h0Y4zlHGQSdbebwFCLUqdDq4I="},"senderSigningKey":{"public":"BW5T1qp0J9Xz0Gz3vWkfoSZaiSfhx/FyKXRPxL/+mUYM"}}]