[{"senderKeyId":231417851,"senderChainKey":{"iteration":1,"seed":"+S6x8d96An94i6/xNGvVMIpWTUwfV2ZjIiI3thoik9E="},"senderSigningKey":{"public":"BRQ+Cz3544bWSJmzpk9iZaY6vc6Kod0TUi62AiWjro5w"},"senderMessageKeys":[]},{"senderKeyId":1194786944,"senderChainKey":{"iteration":3,"seed":"H2xtKbH7MXJoDflxQq4zvl+FCjImTMPMIOYFMEiOwIk="},"senderSigningKey":{"public":"BUoyT1cVFjgVl5qF29LZlDQTf5L/yDcLhEFzwXYDK4B+"},"senderMessageKeys":[]},{"senderKeyId":1354045678,"senderChainKey":{"iteration":5,"seed":"aSM2DpcviS3mC1eQm/Ju/cCYScjB86bxcpeCrgEsRmI="},"senderSigningKey":{"public":"BTcF00JrwpjSD+j8YYEnj2xKVkuKU1jkAXN+U2pTd5R+"},"senderMessageKeys":[]},{"senderKeyId":1354045678,"senderChainKey":{"iteration":1,"seed":"6ix5cJV59xQH3NxuvOQchwzeMNO1M1mvqlL8d3bIZiI="},"senderSigningKey":{"public":"BTcF00JrwpjSD+j8YYEnj2xKVkuKU1jkAXN+U2pTd5R+"},"senderMessageKeys":[]},{"senderKeyId":1354045678,"senderChainKey":{"iteration":2,"seed":"rHKYmgXLf6OOtytQRdpWoGKNoF1S1enuM5R1UjT3bzg="},"senderSigningKey":{"public":"BTcF00JrwpjSD+j8YYEnj2xKVkuKU1jkAXN+U2pTd5R+"}}]