[{"senderKeyId":752310091,"senderChainKey":{"iteration":34,"seed":"w6rP7AmtvDfsWBjO1L7P0pggHDntmaxZaoCOFTdB8QE="},"senderSigningKey":{"public":"BXkqMQZ0W6XtHXavr6NhV6lckU7VBsdA2PQ4I+4+TL56"},"senderMessageKeys":[]},{"senderKeyId":1635292488,"senderChainKey":{"iteration":1,"seed":"LdYjlQgh5Kj5xbVDJ2w/7T86TCLUBnNPagAh9nphpmI="},"senderSigningKey":{"public":"BbM28ZP59vBnrp0Fpjh5tig8mvE2b+nH3/ij81TeVNIW"},"senderMessageKeys":[]},{"senderKeyId":1493751638,"senderChainKey":{"iteration":9,"seed":"9OAkFHY5nbRM8RaGVFzB2gTaSreLSV35EXJ9Men/pk0="},"senderSigningKey":{"public":"BU5+udRb8FZYHt7WuzwO18dbHMCK2MST9bzuG/QvMsoX"},"senderMessageKeys":[]}]