[{"senderKeyId":2147300801,"senderChainKey":{"iteration":5,"seed":"SvoDHXBgf1p+1NC0CIeDZUymER3lGP77+2/Mv+00WbI="},"senderSigningKey":{"public":"BV/t2ntKhttF5Ymld48sHiNRBTZdSRhtrRpsGxZGVyca"},"senderMessageKeys":[]},{"senderKeyId":2147300801,"senderChainKey":{"iteration":3,"seed":"VZqspVfrjl2WOyP80uIw9afKONgE2oCl5TrIE6l2ut8="},"senderSigningKey":{"public":"BV/t2ntKhttF5Ymld48sHiNRBTZdSRhtrRpsGxZGVyca"},"senderMessageKeys":[]},{"senderKeyId":2147300801,"senderChainKey":{"iteration":4,"seed":"Xs5XQxWvMsHIOFtpxW49/bzB/WqRvA9/0864ESeAr18="},"senderSigningKey":{"public":"BV/t2ntKhttF5Ymld48sHiNRBTZdSRhtrRpsGxZGVyca"},"senderMessageKeys":[]},{"senderKeyId":83361712,"senderChainKey":{"iteration":1,"seed":"7Fxr9m0+pBk/fOm1q9HX99U2NG537BhijsyPk+DC86c="},"senderSigningKey":{"public":"BckJ+nOzPYINPVz0l3m35JU5Vw5VfdfsCVIHiUxCKwho"},"senderMessageKeys":[]},{"senderKeyId":2036277781,"senderChainKey":{"iteration":4,"seed":"XYbPbhNNczvYDzzELdQJTwXqaiPZDdL/dMtEIPo2z6o="},"senderSigningKey":{"public":"BZXAD/LZ8D99FCI8tgL3/QljJr1Vi7XF2wy1UdvbflJx"},"senderMessageKeys":[]}]