[{"senderKeyId":169076641,"senderChainKey":{"iteration":1,"seed":"/4FkyvwM8qOtjqw/XyjsULhm8b4pTuvVQmr4Fal4kBQ="},"senderSigningKey":{"public":"BenzLTZDePcLR3BfMsX1WyvHOa9ShEF+PwrsTj2Cd55K"},"senderMessageKeys":[]},{"senderKeyId":1780177300,"senderChainKey":{"iteration":1,"seed":"bMwCMHMOIa8DV/ailyRbVWCgRYX2YEJIK7BpoptSoAY="},"senderSigningKey":{"public":"BZ5UR/s/TXPmDqzzNKovF7zHJU687OOAAdgTu5QlYKcv"},"senderMessageKeys":[]},{"senderKeyId":643281862,"senderChainKey":{"iteration":1,"seed":"/4SJsgsnkrEyRoq1xDUFtwCVoVpPKAeT61m8Hq9YRfM="},"senderSigningKey":{"public":"BfjDvV2yDUHwESe0n4jEuSHPnF9nAr+grKx7oR8uYpUq"}}]