[{"senderKeyId":1431006311,"senderChainKey":{"iteration":1,"seed":"4GeWmCqjk3MNX7nqUq28WKCOjqOttyecEY3DLgDcDPE="},"senderSigningKey":{"public":"BQa5mqzxY2CAjZhnBf5Hh5XmVr0huTkq6sSLJcP4rglC"},"senderMessageKeys":[]},{"senderKeyId":62308110,"senderChainKey":{"iteration":2,"seed":"RSc2/EyK/lYGkw29S8wQYRYX9HrDeh/4PUJc+btReB0="},"senderSigningKey":{"public":"BRnvshvrvIeA4ugA28zIeQF+xpS9uHVHq2w/NuUx5JAM"},"senderMessageKeys":[]},{"senderKeyId":62308110,"senderChainKey":{"iteration":1,"seed":"SlP5B67iy5YnrOXugyx1XwK+1avqmT1NGDffFmDk20Q="},"senderSigningKey":{"public":"BRnvshvrvIeA4ugA28zIeQF+xpS9uHVHq2w/NuUx5JAM"},"senderMessageKeys":[]},{"senderKeyId":444503990,"senderChainKey":{"iteration":4,"seed":"37apoiSyDX9l4eJ0muOibPGKT6/Av++V6zYG5w7/0OQ="},"senderSigningKey":{"public":"BSYP0MUvAeLBAoS5IMc/+KLY2zil3+z11vf0P36COWQX"},"senderMessageKeys":[]},{"senderKeyId":444503990,"senderChainKey":{"iteration":3,"seed":"pO8SZexclL7ujVm9acPiM9+S+vbK01it4Q5DJXnFnTE="},"senderSigningKey":{"public":"BSYP0MUvAeLBAoS5IMc/+KLY2zil3+z11vf0P36COWQX"}}]