[{"senderKeyId":1985328043,"senderChainKey":{"iteration":1,"seed":"RRouiaPVsSSKKit4wiiuGTw6hoyYdC03GmOaVEcVnlE="},"senderSigningKey":{"public":"BcSAfOIMUNBzWcrlL/qcScmzzU/iDAWcr2n5ze1czVNH"},"senderMessageKeys":[]},{"senderKeyId":494728944,"senderChainKey":{"iteration":1,"seed":"3MUnb3WA1GI/1359pwa8iWvoNGhSc07h9jR95mwKc+8="},"senderSigningKey":{"public":"BXez4VMcad/NbKTLvr8LRG6Knai88yFnDSWLyDtw6UAB"},"senderMessageKeys":[]},{"senderKeyId":494728944,"senderChainKey":{"iteration":1,"seed":"3MUnb3WA1GI/1359pwa8iWvoNGhSc07h9jR95mwKc+8="},"senderSigningKey":{"public":"BXez4VMcad/NbKTLvr8LRG6Knai88yFnDSWLyDtw6UAB"},"senderMessageKeys":[]},{"senderKeyId":494728944,"senderChainKey":{"iteration":1,"seed":"3MUnb3WA1GI/1359pwa8iWvoNGhSc07h9jR95mwKc+8="},"senderSigningKey":{"public":"BXez4VMcad/NbKTLvr8LRG6Knai88yFnDSWLyDtw6UAB"},"senderMessageKeys":[]},{"senderKeyId":1908927321,"senderChainKey":{"iteration":3,"seed":"ibDc+U1I/YYd+0IqrlDFTuK4ieWL5q8Xx2d2YLoJdis="},"senderSigningKey":{"public":"BVzH/ngnJQ+Z+CYo77sNmQzGwJqPZTfpq4QuzVBet7ID"}}]