[{"senderKeyId":2096211480,"senderChainKey":{"iteration":2,"seed":"y//Xv4l+iSXsqJhDJCjuiNlcKr9wYUiWO8gmULpeVAU="},"senderSigningKey":{"public":"BQiZ0ylCvwHPlNzUsZkxqyATet2IOQ1B3Ga9hDdEZk0f"},"senderMessageKeys":[]},{"senderKeyId":1202506362,"senderChainKey":{"iteration":1,"seed":"Ywsbo7u2ADMLX2WfPg1AK+/18gtjZ+aM8zqgwG7JhJQ="},"senderSigningKey":{"public":"BZdocrbguCUbVF5dqfxRJTeWA7gwW4intNfOyvlxQpRY"},"senderMessageKeys":[]},{"senderKeyId":624444492,"senderChainKey":{"iteration":6,"seed":"xTq8R9r6U2mRjCd58E4TSB1hyvjIjwNZZfDJG17dunU="},"senderSigningKey":{"public":"BRsx9M9ESaw5+sE9tTIUA8UmSGKxgDSGuUYF1MbiLxpC"},"senderMessageKeys":[]}]