[{"senderKeyId":1684773911,"senderChainKey":{"iteration":145,"seed":"CToAUIdoEOTGvrjTgU+W8PRzvbFViLnlqRn77izjdPA="},"senderSigningKey":{"public":"BaGt6FmPr+uiDnUomNFwAUD4aURqA6NwfSko2FbvJYtj","private":"kMYOKDfQKTqVkJmNCzK3f5cs2v3PC+GqGvDDheeDXmA="},"senderMessageKeys":[{"iteration":1,"seed":"VQVzbgcqrue9QMzoj5qHuOMuogqOKsywRvrC9iSnuAM="},{"iteration":3,"seed":"FoH7y34Ryd7U01Sn6pOn/FOeR79TVqdnFllVi/Kth20="},{"iteration":5,"seed":"vmw+WvSbB8fRas9Titih0q/CD168VKDh7HUc7UFoEm8="},{"iteration":7,"seed":"YNvJIvrBhuyQBnzp2HVIEaMDUABWfbkUkNMV95TQU7o="},{"iteration":9,"seed":"r1O7TuOQc5pBMW7rLGskSw43Zsd1IFDSfKHsx7A/CBI="},{"iteration":11,"seed":"coGDh3HCm9MPJe6n7/P+7rHlYP6JO4/8gZzDeD00//4="},{"iteration":13,"seed":"5qmeqav40Z4Ua73Np1ZMulC5TuG42GqfGn9Im3PlamY="},{"iteration":15,"seed":"UCyCDdejf/zrlQ5Ikr6y2sWgt5P4e+9JYPFBPiMDiPk="},{"iteration":17,"seed":"hLTt48nZz2599tfei2s3jFF2m8Bd1D4IMlL08Y04Z8M="},{"iteration":19,"seed":"aMUlgprFS5ZznuBBKluJ9Sp3MxcMHjUHlMQMG/9/Yg8="},{"iteration":21,"seed":"C4pm+LTOR4y9TL+htShpwrKQK1QPGUj+OqiiGCCFyE0="},{"iteration":23,"seed":"XCxFq37g7l30G+JbM2kMI0FH+xKXKDV6pZbj2b6PLUs="},{"iteration":25,"seed":"hBJmD4n8pRfoOoof0FiI1clEKP7MOJTF2axxFkKVXyM="},{"iteration":27,"seed":"2XHIsBMVue7CF0jyRAq3DCux6EKXjF2jqBKKnKWYA8U="},{"iteration":29,"seed":"tJLk0k4W2GdBysrUS+60yqmWCX20+lvjcvhOFcf2cF4="},{"iteration":31,"seed":"K3RSwje97T0WaAd/opL/CKy92eO3T6jmesAwbO9+fAo="},{"iteration":33,"seed":"CbuhBCMDrEctoDa91o0SjyLb90TFPI+8B2LYZplLNmY="},{"iteration":35,"seed":"NJ/qcj+XUhBebHlJJkh23rYzpWFAIrUO3iNnr6ay6W4="},{"iteration":37,"seed":"xnXvcS9epB0yyCfjMnmf8ax8aLIEEOBqlc1/Hq+FZ4s="},{"iteration":39,"seed":"RiAwllRz9nj/FfL7t2rLut/fhYSkYYEHLURKdlUMRK4="},{"iteration":41,"seed":"61THzubWobORB9Mj6jSC4RhEJ+sQLdLfEo0oqsyCb5Y="},{"iteration":43,"seed":"SMQzbiTyOvRDWspCdh+YjGKpcCrGd8FzRhGtjm5D4U8="},{"iteration":45,"seed":"MpVU+6cWQZ+KWm9htjJivmCiQKf6M/zpTbyzV/T/IPE="},{"iteration":47,"seed":"BH55LuODvWzL32neRYTq01UQKM2c3R+/8GaeVhE/lNE="},{"iteration":49,"seed":"gbUPSNeAO31ytdVYvcAdR0S+k+3g+iS+Krs2FuHWsDw="},{"iteration":51,"seed":"3eGfDlSpVFyRB9+zWUt20iGazTbsD7gUum/hzv3zhVQ="},{"iteration":53,"seed":"H/ecR9t0BUhhB+a8tqAMsq7FrQIcN8fySCSwv/VKkoI="},{"iteration":55,"seed":"7+YNgH5Jb+xrol07Wmt6zNPXR4+wa6OyZsHlrbxnYYY="},{"iteration":57,"seed":"7N2yR10RmMJHb26KWEBCLI19pqK4lYKy+o1i+BAWwSk="},{"iteration":59,"seed":"MxwvEvdz8P79SWxG4aNekzIDWsGaIJowxmavH9j3nOY="},{"iteration":61,"seed":"nSFg8uo3kXlehuUkXxftvijtysEGG3jjIfpkDVfW4LU="},{"iteration":63,"seed":"IiHXamuMYsrq5YoN8YuWm39e2nDm8q8WCUjpQkVF1LE="},{"iteration":65,"seed":"BHESq6ggmiSGQzkWUxCdoFyuTCjk+l3l0MfyeY2yRZg="},{"iteration":67,"seed":"4JRgws7I9X1o7NtzVUVIpp6IkxT+/o3S8Wiabp+OOzs="},{"iteration":69,"seed":"XEVWnDbYZcNzjtwH+HE7afBOcFry+3cjhGNlUo8Io9g="},{"iteration":71,"seed":"JTFS1zteDKHXufJjULfZVdxV6a2i1DkyeFHJNV2RtiE="},{"iteration":73,"seed":"5N1ZOrrf4hDQ3Cz/dbvJE1Wn2i9/QFUqI8pgcCDtTAE="},{"iteration":75,"seed":"+mWmzWXW5hPJT4DAc7ywKeYtzpXKAwtJbjO3Mq4SU70="},{},{},{},{},{},{},{},{},{},{},{},{},{},{},{},{},{},{},{},{},{},{},{},{},{},{},{},{},{},{},{},{},{},{}]}]