[{"senderKeyId":1273654670,"senderChainKey":{"iteration":18,"seed":"vJt9CMMR8nau+vpN/P+/AhOzHe8JPhKbtQ/q51q9JRA="},"senderSigningKey":{"public":"BQoDZRLpFgFhdmgJLfKDnFrZFYrsl2yZZY5uVRgs+PU1"},"senderMessageKeys":[]},{"senderKeyId":1848972458,"senderChainKey":{"iteration":28,"seed":"efCs7fbrVJOw2jRV+0tECBCuByrdN8bwkzC16c4cOGM="},"senderSigningKey":{"public":"BUEyUPcN74Jx8CtwiHj5VCuYjQW7xCt5nQREJMvNtqx/"},"senderMessageKeys":[]},{"senderKeyId":1144728592,"senderChainKey":{"iteration":20,"seed":"zwrBaXo8qV6D3HOJOYM2H+8PL0cvTRX5LzuBGHA4qa0="},"senderSigningKey":{"public":"BUr4ebNd2X5idHK3KwqspzY0ruxJpjY2gb1xEalamPQ4"},"senderMessageKeys":[]},{"senderKeyId":1144728592,"senderChainKey":{"iteration":9,"seed":"mPZEHOsrLFc2gml5UIJnJ9nRxT1lKz5uu0832IL3q6U="},"senderSigningKey":{"public":"BUr4ebNd2X5idHK3KwqspzY0ruxJpjY2gb1xEalamPQ4"},"senderMessageKeys":[]},{"senderKeyId":1715146870,"senderChainKey":{"iteration":16,"seed":"ckcKTfuMxBwttSZx59oQOEmPymalSsbHyooRhBdNaP4="},"senderSigningKey":{"public":"BbTIHro/89xx1+3KYwK/+qDbhV5wvaL44rD7tWlc60ws"}}]