[{"senderKeyId":90666459,"senderChainKey":{"iteration":7,"seed":"upwVXisy75H+lpPvdcAxbI6Q5c1TD/ITSK/9KwnwpO0="},"senderSigningKey":{"public":"BZE+q9tMqio/F2G6RFWeT8IVx2VLqMeEMDhAJYVhnpsG"},"senderMessageKeys":[]},{"senderKeyId":90666459,"senderChainKey":{"iteration":2,"seed":"EGNOW3ciqKM4Cg0W9qHlAgTFE/tTLl4NjkztwRGuyIk="},"senderSigningKey":{"public":"BZE+q9tMqio/F2G6RFWeT8IVx2VLqMeEMDhAJYVhnpsG"},"senderMessageKeys":[]},{"senderKeyId":518527578,"senderChainKey":{"iteration":3,"seed":"DQtK6ll362H00Seq3WVQSaPOUMlShE5LzkcunM28cHA="},"senderSigningKey":{"public":"BZZ9AGqcz0vmZTn0M5pDkgVjnrWOjWJslGrhVUHiRFkJ"},"senderMessageKeys":[]},{"senderKeyId":467384966,"senderChainKey":{"iteration":19,"seed":"7sVj+ldvRg2GMW3cYGQh2c5HK/eUGhUbyfR8cCdHXK0="},"senderSigningKey":{"public":"BYa1CKlPEN6/1Dqmk/XZ5RLxvkn8ok9GrNFa2FofhyIF"},"senderMessageKeys":[]},{"senderKeyId":467384966,"senderChainKey":{"iteration":2,"seed":"jQIDx/1cZK2MSBQHjUqlroeVIV2k3fbTnP3DkY+JGHU="},"senderSigningKey":{"public":"BYa1CKlPEN6/1Dqmk/XZ5RLxvkn8ok9GrNFa2FofhyIF"},"senderMessageKeys":[]}]