[{"senderKeyId":339965793,"senderChainKey":{"iteration":9,"seed":"fS7ocEluZsmden5v+SFh3j93h8uiHkBDnUUX/3BBTh4="},"senderSigningKey":{"public":"BchXT51LfG54uMnSXWuDzHW5zwYX7y0xdwr3y5L/Ox1C"},"senderMessageKeys":[]},{"senderKeyId":1913092562,"senderChainKey":{"iteration":13,"seed":"cieMNph4GRfSbGM6An7XP+GmmW0Z01iXwXMxsSF4d/A="},"senderSigningKey":{"public":"BbcIx8Ucf/zcboMTkvF8w/V4yH6mCLhbKbNNJkt1AVRf"},"senderMessageKeys":[]},{"senderKeyId":254933218,"senderChainKey":{"iteration":1,"seed":"C2Eikk1GrYnsNYnuaWmRTFCSJv/XwJsNrSVCjj/BVlQ="},"senderSigningKey":{"public":"BQv01JfFi5woQUTlfRFRA3ITgpwyCU3Fzd9UU4r0u8Rr"},"senderMessageKeys":[]},{"senderKeyId":339054633,"senderChainKey":{"iteration":6,"seed":"XpMAvK/XHqbGnPJHgStggWeiofF2v0wusTjKja0+Byo="},"senderSigningKey":{"public":"BdSGlxQDZWiJJhvkDMfNbT46rGbXp0WnJ4Waw5ZscmIo"},"senderMessageKeys":[]},{"senderKeyId":39340704,"senderChainKey":{"iteration":19,"seed":"cgv8k5PHaaN811hntACo+T6RIdRbPmoMKs3eLUMA5Ww="},"senderSigningKey":{"public":"BdTqNIj0id0sDksKo1KB0cB3UT7CirbiOaCqDIsv2dw6"},"senderMessageKeys":[]}]