[{"senderKeyId":332692004,"senderChainKey":{"iteration":5,"seed":"/0VoRC3aYKlYRaTm0h+IklFddn9PppS1ntRDSZd+Dts="},"senderSigningKey":{"public":"BckhTGYcKCQWuBSaFQwaj6moArJq2HdwGp0H1SQ/snN5"},"senderMessageKeys":[]},{"senderKeyId":1258089404,"senderChainKey":{"iteration":1,"seed":"ITGFs8BaaE5C+V2Tpimigi7g26baz9OfZiGHm3CIn44="},"senderSigningKey":{"public":"BUgh2g+WklmphUz4WbpJcn4hehU/2nRanq2gIvnHr7VX"},"senderMessageKeys":[]},{"senderKeyId":1256292387,"senderChainKey":{"iteration":5,"seed":"ubezuvICW4NTY7EPcrkCZHIUhrwFMrfoFbUZkgcvfQY="},"senderSigningKey":{"public":"Bcv6hIgS0sxJvz6VzjJQNNL9SY93Lki0gQpcBgamNKsw"},"senderMessageKeys":[]},{"senderKeyId":1256292387,"senderChainKey":{"iteration":2,"seed":"tsa07+rfsGfbs9f7oP6k9BtCjdNoB3XzhNXaEWsCRP4="},"senderSigningKey":{"public":"Bcv6hIgS0sxJvz6VzjJQNNL9SY93Lki0gQpcBgamNKsw"},"senderMessageKeys":[]},{"senderKeyId":1256292387,"senderChainKey":{"iteration":3,"seed":"FqqbeqglROolBo/PVMS+OVGEW8Y2ez5BfxFpV0e/7fA="},"senderSigningKey":{"public":"Bcv6hIgS0sxJvz6VzjJQNNL9SY93Lki0gQpcBgamNKsw"}}]