[{"senderKeyId":1589282275,"senderChainKey":{"iteration":79,"seed":"UskNSbuyG4vpMlbpf59FTBxqvMenTpsEviyDEr+UJSk="},"senderSigningKey":{"public":"BeuGXTEvWgTXCb0ta9pZYK9ZXruKVItcjqbjbRggLt4W"},"senderMessageKeys":[{},{},{},{},{},{},{},{},{},{},{},{},{},{},{},{},{},{},{},{},{},{},{},{},{},{},{},{},{}]},{"senderKeyId":1589282275,"senderChainKey":{"iteration":47,"seed":"xQ6XsxUYSOOOsoj5KMwMBYyUNHFekSZeXrKiq4CnAZ4="},"senderSigningKey":{"public":"BeuGXTEvWgTXCb0ta9pZYK9ZXruKVItcjqbjbRggLt4W"},"senderMessageKeys":[]},{"senderKeyId":1589282275,"senderChainKey":{"iteration":49,"seed":"8oz+d9FVJaNUhAtLiA0twD/Ci9/Hl+1SppkgeGe9EYA="},"senderSigningKey":{"public":"BeuGXTEvWgTXCb0ta9pZYK9ZXruKVItcjqbjbRggLt4W"},"senderMessageKeys":[]},{"senderKeyId":1589282275,"senderChainKey":{"iteration":53,"seed":"GNLF8e6C+eV56ORkUy8YHn7RVD76JvIjzK4pnwGusfw="},"senderSigningKey":{"public":"BeuGXTEvWgTXCb0ta9pZYK9ZXruKVItcjqbjbRggLt4W"},"senderMessageKeys":[]},{"senderKeyId":1589282275,"senderChainKey":{"iteration":69,"seed":"jWhaipLM7ogair56IGazT1CVXON7DXPwcPyQPTyDYKM="},"senderSigningKey":{"public":"BeuGXTEvWgTXCb0ta9pZYK9ZXruKVItcjqbjbRggLt4W"},"senderMessageKeys":[]}]