[{"senderKeyId":285354032,"senderChainKey":{"iteration":32,"seed":"2hauqAhmexLHx/5Vx7KxMa3qNrwWSmRvJP5Nn900T1U="},"senderSigningKey":{"public":"BeNBwnDq6/3jcMqfnhCFinULWVumt6czvKEw5Xw4NxAl"},"senderMessageKeys":[]},{"senderKeyId":285354032,"senderChainKey":{"iteration":33,"seed":"oMt3umwRSA4gymU+vnDryzxrFieVgsXppWUsYTI0yfA="},"senderSigningKey":{"public":"BeNBwnDq6/3jcMqfnhCFinULWVumt6czvKEw5Xw4NxAl"},"senderMessageKeys":[]},{"senderKeyId":285354032,"senderChainKey":{"iteration":47,"seed":"mmFkyYAiIHTJjegTb/W6cfGl7eiN19ILlKibsrJdFMQ="},"senderSigningKey":{"public":"BeNBwnDq6/3jcMqfnhCFinULWVumt6czvKEw5Xw4NxAl"},"senderMessageKeys":[]},{"senderKeyId":285354032,"senderChainKey":{"iteration":63,"seed":"cyglnQtrDpnwrtRkGBAmnyX/5TlE19DO4Uzy9MMqSBk="},"senderSigningKey":{"public":"BeNBwnDq6/3jcMqfnhCFinULWVumt6czvKEw5Xw4NxAl"},"senderMessageKeys":[]},{"senderKeyId":9659828,"senderChainKey":{"iteration":5,"seed":"zjVOS3Taga68dnwHDnaprm8nrJEEWNMmAE3X1jLYYXQ="},"senderSigningKey":{"public":"BQxPbiUU1PQV0wVxbRLZikBWDhIeIrlAyREowod+PcYl"},"senderMessageKeys":[]}]