[{"senderKeyId":1748694013,"senderChainKey":{"iteration":975,"seed":"OgIwN48QfKrGWjggT4nDQg1h2PQlZGN36UTGMVgZCsI="},"senderSigningKey":{"public":"Baq/j1RjbX41aKd0Put0UgaBBdQBArRY7GDqNV2cm3tP"},"senderMessageKeys":[{},{},{},{},{},{},{},{},{},{},{},{},{},{},{},{},{},{},{},{},{}]},{"senderKeyId":1748694013,"senderChainKey":{"iteration":963,"seed":"FKHEFT2y/THWdaTFsO0M4Bs5p0+njIy5yIKLXS2jaZQ="},"senderSigningKey":{"public":"Baq/j1RjbX41aKd0Put0UgaBBdQBArRY7GDqNV2cm3tP"},"senderMessageKeys":[]},{"senderKeyId":1748694013,"senderChainKey":{"iteration":965,"seed":"p/QnUl3UneTkz2yljwVDod/mixXHm9SKHsStcw6uWsE="},"senderSigningKey":{"public":"Baq/j1RjbX41aKd0Put0UgaBBdQBArRY7GDqNV2cm3tP"},"senderMessageKeys":[]},{"senderKeyId":1748694013,"senderChainKey":{"iteration":967,"seed":"FPGpScM60go6gbouhPaOLRKKEIMXUkUVbAYWWEeda88="},"senderSigningKey":{"public":"Baq/j1RjbX41aKd0Put0UgaBBdQBArRY7GDqNV2cm3tP"},"senderMessageKeys":[]},{"senderKeyId":1748694013,"senderChainKey":{"iteration":969,"seed":"y6u1gCol9y7DfLIVsbNsWIdEksEHYSj1e5Wx8f73P3Q="},"senderSigningKey":{"public":"Baq/j1RjbX41aKd0Put0UgaBBdQBArRY7GDqNV2cm3tP"},"senderMessageKeys":[]}]