[{"senderKeyId":976239462,"senderChainKey":{"iteration":1,"seed":"mgovip6EaxG/8Rovj7W1wQg7szgm0/xiAvRGxRUAEvQ="},"senderSigningKey":{"public":"BYtRa+F6J/ptElAhoTkgYa/nR7Zk2xQfShwaW1uu81MY"},"senderMessageKeys":[]},{"senderKeyId":2130514500,"senderChainKey":{"iteration":13,"seed":"mQraXZlxbwNKQM0DlqPmG2Gm5aKrIoSEfpOUiuV3eaQ="},"senderSigningKey":{"public":"BfEoiuJ/++6E0b7yPjvwATZ513PfXz87J2WnUari1eBt"},"senderMessageKeys":[]},{"senderKeyId":1334615163,"senderChainKey":{"iteration":5,"seed":"LTlbXvsl/dEZqdtxU03fw69CmxKM1H0zDoEVhA9QsP4="},"senderSigningKey":{"public":"Bb+EKigl1rRxnVrk+Ov7Q25ngQeQRkhdIzC/9AkcInMI"},"senderMessageKeys":[]},{"senderKeyId":1971095071,"senderChainKey":{"iteration":7,"seed":"9xuo1mFKqg3Ohp0b1OEUy/MtsS10VWPAv1s6MaWRCS8="},"senderSigningKey":{"public":"BeBYh9B4Hs6hvR5MgLZYcTsVHmUhxzoQiELl9QCpLk1V"},"senderMessageKeys":[]},{"senderKeyId":808837074,"senderChainKey":{"iteration":6,"seed":"+KJ8SaqFb1yxZad2Lf3GriyWpTsDyucEt0mSR+EKtFM="},"senderSigningKey":{"public":"Bex7/tGdvJ7k4H8Z65JDQoMBQkuEsZ+89NaoPBmfYyV2"}}]