[{"senderKeyId":1593993863,"senderChainKey":{"iteration":14,"seed":"uz6gRKrNro5wroFfZiUYIrpZMOtgYPhVZ3zlV4+q6ik="},"senderSigningKey":{"public":"BRiSqgOqv+aV4vi6DXyXw89Uo5dvT+mRvjY4Dn3clMss"},"senderMessageKeys":[]},{"senderKeyId":1593993863,"senderChainKey":{"iteration":6,"seed":"IyGuHVX2+UzQo7q7Uh39KqtYL2Kq2w/eCH7uUjyRpTE="},"senderSigningKey":{"public":"BRiSqgOqv+aV4vi6DXyXw89Uo5dvT+mRvjY4Dn3clMss"},"senderMessageKeys":[]},{"senderKeyId":1593993863,"senderChainKey":{"iteration":9,"seed":"Lw3vpALA5zUEMriXDHucpghCUafNWiD41qffKMm80Yo="},"senderSigningKey":{"public":"BRiSqgOqv+aV4vi6DXyXw89Uo5dvT+mRvjY4Dn3clMss"},"senderMessageKeys":[]},{"senderKeyId":1434175306,"senderChainKey":{"iteration":7,"seed":"GWkYbEAIeFcBG11dVMS393KENHBqBOkMqDIcLWlen54="},"senderSigningKey":{"public":"BbGJM6r7PYJCvWVsclHh4TfwkkBo0crMOAwVuAyIw8UN"},"senderMessageKeys":[]},{"senderKeyId":1434175306,"senderChainKey":{"iteration":5,"seed":"fToVBnfsPfyUp+53ZkSqulmhchfTEA8NKTe9OqdMx4I="},"senderSigningKey":{"public":"BbGJM6r7PYJCvWVsclHh4TfwkkBo0crMOAwVuAyIw8UN"}}]