[{"senderKeyId":842764718,"senderChainKey":{"iteration":15,"seed":"8Ugucvbx7e3ND7bDO5aVVznP/tN10Km/YGT2z300Wk0="},"senderSigningKey":{"public":"BeVNVs7TmqA/W01qKi1koOUGEIt+QFm4kA+xuu9w5WJ/"},"senderMessageKeys":[{"iteration":1,"seed":"yr163hhcVJBA8wZ0lkqvMMJwXpxKXGIFz2QWPbcqsS0="},{"iteration":3,"seed":"ESOFOnB9yLVdkYzyYygYutA3THhoANyhGzhldQqeqMI="},{"iteration":5,"seed":"7QuyJ5mznR8/mPr+ZEoTQSUwVBacI2vyO0rSLuby1Xg="},{"iteration":7,"seed":"4/d/nX4PgT/FCU5UJviMddtPhuqmYqbnBDjGSnQLXDA="},{"iteration":9,"seed":"3s8JevfbCf//gA0Awmk3Doy0IxqQU9q086fyLx64aD8="},{"iteration":11,"seed":"xo68Qy54XIA8f6BG6cPtOUn8dnjawxwlWUKYK0WlK1o="},{"iteration":13,"seed":"ul91WE/HyCyv+x4P+8vs46ZandmG+y52xQNaRHNa5w4="}]}]