[{"senderKeyId":243423164,"senderChainKey":{"iteration":10,"seed":"ozd4om7B90COdFiAauI48dLNXiwVfFRGdSXS8PmLpQ4="},"senderSigningKey":{"public":"Bdv9rSOF7tjH7mKNfRVD1TgXhHSt7wBthZywVFQIPdp3"},"senderMessageKeys":[]},{"senderKeyId":998074444,"senderChainKey":{"iteration":38,"seed":"Y3BxfT8jH3IoP4I8nu1YuP71r+16D1PlyECxDcLlsDU="},"senderSigningKey":{"public":"BazL/yP1MSUzGP5UFNlY3+JnlbdjzFIBzlR91agUnnpR"},"senderMessageKeys":[]},{"senderKeyId":1696118396,"senderChainKey":{"iteration":3,"seed":"0PfW9OxFH2aLfyWXlXfGPJ76yu32Aa6zMsm/CpMEZ/4="},"senderSigningKey":{"public":"BVBaSXlOhvs1J7VMOCL6bmDBdBWaS5cGUmJyGBA/ihVD"},"senderMessageKeys":[]},{"senderKeyId":1587935710,"senderChainKey":{"iteration":2,"seed":"Eqb6jBCt7HZz+CLAkWs6vsmvuuZJ1N4XGD3mpqU0WAo="},"senderSigningKey":{"public":"BXRUzV2oPJFps5iLxStva5KOEZfIy4q8i9lpfaee2WNO"},"senderMessageKeys":[]},{"senderKeyId":1031045404,"senderChainKey":{"iteration":33,"seed":"tGeIs2NKrqZ46gCJyaGfcReftLP02w8tQa1aXWb0gyQ="},"senderSigningKey":{"public":"BY8QUhOudcmZfIgdABy0fZEGdAEhgACZG0zRXL24RtAy"},"senderMessageKeys":[]}]