[{"senderKeyId":1013540922,"senderChainKey":{"iteration":8,"seed":"VFf1Y6Tg4utZuQ7MYfiXjiCjekhozS2AbIU2mzV6Tos="},"senderSigningKey":{"public":"BUOJ1SIFKkpmrlOh21jo//Xjb27duOm3pC0XYfg36ige"},"senderMessageKeys":[]},{"senderKeyId":593443453,"senderChainKey":{"iteration":5,"seed":"ZdMWcNAZDNzYdiDSrRko/lt3kXNtIhDb/SRDtqHfwcA="},"senderSigningKey":{"public":"BRhkp3ulskWTBWS7QHzZJiBbwveKAQpp3ccJ82lBKxdJ"},"senderMessageKeys":[]},{"senderKeyId":593443453,"senderChainKey":{"iteration":4,"seed":"Gk87fgQtpBQhhOABdmeC7tNPpYXF4dg+2c8nyHS1j34="},"senderSigningKey":{"public":"BRhkp3ulskWTBWS7QHzZJiBbwveKAQpp3ccJ82lBKxdJ"}}]