[{"senderKeyId":1669565907,"senderChainKey":{"iteration":4,"seed":"LmEYCwtPElyynurZ/hrvzt/aSplqWs2AP5ve+e5ch6U="},"senderSigningKey":{"public":"BYigG9O4rvEk2uVyIGlvs5wVUJtlMiqa4AI8zPqc2HFh"},"senderMessageKeys":[]},{"senderKeyId":1669565907,"senderChainKey":{"iteration":2,"seed":"66vFrDZdaNCL0UVgdAbZbJlR2hv3tzBSaTdpypO5Jp4="},"senderSigningKey":{"public":"BYigG9O4rvEk2uVyIGlvs5wVUJtlMiqa4AI8zPqc2HFh"},"senderMessageKeys":[]},{"senderKeyId":1669565907,"senderChainKey":{"iteration":2,"seed":"66vFrDZdaNCL0UVgdAbZbJlR2hv3tzBSaTdpypO5Jp4="},"senderSigningKey":{"public":"BYigG9O4rvEk2uVyIGlvs5wVUJtlMiqa4AI8zPqc2HFh"},"senderMessageKeys":[]},{"senderKeyId":349088185,"senderChainKey":{"iteration":1,"seed":"NCqd4K4ztnjkBgUkPPQg4+dqtHX/+aVrZOgZrofrWo0="},"senderSigningKey":{"public":"BQLe19sFHZzhT+lGWywt4YTtI+PUUa47spNnM55gwboq"}}]