[{"senderKeyId":1250003200,"senderChainKey":{"iteration":15,"seed":"Ojgvm3Y8ii2w0t637vf6T+I70J/v1oRviDuhwOWW3ds="},"senderSigningKey":{"public":"BX5NQkCZDYXAa6B6vUjwqSe8TREmkpaYGoBLeJLd5uQK"},"senderMessageKeys":[{},{},{},{},{},{},{}]},{"senderKeyId":1250003200,"senderChainKey":{"iteration":7,"seed":"sVrniNp2bvUtVugxVgV9x80ywh/e8n8fd6N1x4zK48I="},"senderSigningKey":{"public":"BX5NQkCZDYXAa6B6vUjwqSe8TREmkpaYGoBLeJLd5uQK"}},{"senderKeyId":1250003200,"senderChainKey":{"iteration":9,"seed":"7f6jb2fJk31aqB+uSPb5AjGG5Tz/DBvo8SBIWeh5/cI="},"senderSigningKey":{"public":"BX5NQkCZDYXAa6B6vUjwqSe8TREmkpaYGoBLeJLd5uQK"}}]