[{"senderKeyId":672827422,"senderChainKey":{"iteration":9,"seed":"ADZwh90UpAyKVWhBSMqmjSb9WX3aXA5GCZKeZR9JXPM="},"senderSigningKey":{"public":"Be9xqgx71BO/yP0WTL3xuAnN/MPUjLWISVIUVAu0b6wi"},"senderMessageKeys":[]},{"senderKeyId":1330494795,"senderChainKey":{"iteration":1,"seed":"Z1mq7f41gn9bLMBPebflCWGwTdK25FZmvqSZT1EiF5o="},"senderSigningKey":{"public":"BWrFVxhEa7bh3DBsTz/z2uSJlVG5OebVIMghF7wFSHY/"},"senderMessageKeys":[]},{"senderKeyId":1803254499,"senderChainKey":{"iteration":1,"seed":"XZbhNvvC30iaOKrFhvFUGxHui2uyrd999VvErD5o2Wc="},"senderSigningKey":{"public":"BZscRrltCHIfAy4XCDtS/wL548A7rP4HAL+01HXxMBBA"}}]