[{"senderKeyId":139881054,"senderChainKey":{"iteration":481,"seed":"GieOZ4NhMXzG94NIE6mRAl2sjiFOhlGxgjE7KpH6tcg="},"senderSigningKey":{"public":"BXwml7zJ1y4FwwUDgrEi7nJLBX7vMNvyarBkpXTK6zM8"}},{"senderKeyId":139881054,"senderChainKey":{"iteration":509,"seed":"+MbU3ved4ybZA7Bu6mEqXACXFl3rsQNb2H0EA8oAxoM="},"senderSigningKey":{"public":"BXwml7zJ1y4FwwUDgrEi7nJLBX7vMNvyarBkpXTK6zM8"}},{"senderKeyId":139881054,"senderChainKey":{"iteration":513,"seed":"5ZLZTGEdlyLBZGHjyaJbPPzhexFl30RmjdJ0Fnyq2cU="},"senderSigningKey":{"public":"BXwml7zJ1y4FwwUDgrEi7nJLBX7vMNvyarBkpXTK6zM8"}},{"senderKeyId":79437254,"senderChainKey":{"iteration":1,"seed":"tm74RPl5HDRPWQAIC1v/yj3QgYzujyvHi/5UQUTSwFo="},"senderSigningKey":{"public":"BW8KMo3CaTnSGvwXnXWo/BY3iEjMakNj5d0auqJBHSA3"}},{"senderKeyId":1761651778,"senderChainKey":{"iteration":1,"seed":"U/5Ko/r6U/vMuqgzFU2SSp/dTy0qhrQTjo1Pe10VCG0="},"senderSigningKey":{"public":"BTkkqkT1X370OgtsJEzSgoYrl68v/Z4NFNLRrKwbRTMy"}}]