[{"senderKeyId":83595147,"senderChainKey":{"iteration":37,"seed":"1sq0sm3BfKD2TrbdvOJ0lRFzGvzKFSB8xPmUKMMHh8c="},"senderSigningKey":{"public":"BbhQuqrqV8A49/JgZFfyPMhWE2sA1x8A2f2vw1eIUpgd"},"senderMessageKeys":[{},{},{},{},{},{},{},{},{},{},{},{},{},{},{},{},{},{}]},{"senderKeyId":83595147,"senderChainKey":{"iteration":23,"seed":"5Z/Ogx1wpAuSwBLpAyLydR/geVxVc9xiM88ivy9pDIk="},"senderSigningKey":{"public":"BbhQuqrqV8A49/JgZFfyPMhWE2sA1x8A2f2vw1eIUpgd"},"senderMessageKeys":[]},{"senderKeyId":455031224,"senderChainKey":{"iteration":7,"seed":"edl9tiZgamWigemAmTixJ5mZq1V1xlm2uctzv5cMHes="},"senderSigningKey":{"public":"BSbL5wUkgryj3oEgIgwD5hmriTo6kMUjfgMEwpKi5pcg"},"senderMessageKeys":[{},{},{}]},{"senderKeyId":455031224,"senderChainKey":{"iteration":3,"seed":"LG2B2gI1vnQIJxg8DnjouG8UAwVFxksLmqAlmxCa7FI="},"senderSigningKey":{"public":"BSbL5wUkgryj3oEgIgwD5hmriTo6kMUjfgMEwpKi5pcg"}}]