[{"senderKeyId":1459394252,"senderChainKey":{"iteration":1,"seed":"4ZIgT6t5dZfHUxS53762nrnVs4JR2AxfvmfhBGG19L4="},"senderSigningKey":{"public":"BVjxOGI8+oriyKkhzNstVRsesCUqTtugU43ixKYVwkk1"},"senderMessageKeys":[]},{"senderKeyId":1459394252,"senderChainKey":{"iteration":4,"seed":"NB2UpQ9g/eQTAK9/UsDmkVtPWJAPhcovZtiPsOQUtNk="},"senderSigningKey":{"public":"BVjxOGI8+oriyKkhzNstVRsesCUqTtugU43ixKYVwkk1"},"senderMessageKeys":[]},{"senderKeyId":1805868172,"senderChainKey":{"iteration":4,"seed":"kW6NzzU6CGYMM3DFraAb61W8Iubt4nLNweWlL5AYhWk="},"senderSigningKey":{"public":"BVj8pLP0CE8ViQNsr+4pe+CcIl5Z3cdCK1wkXds212d0"},"senderMessageKeys":[]},{"senderKeyId":1805868172,"senderChainKey":{"iteration":1,"seed":"+zVkXGsLDWGw9njArk9TLmubyKXA6s4pLjTSd0FnFhM="},"senderSigningKey":{"public":"BVj8pLP0CE8ViQNsr+4pe+CcIl5Z3cdCK1wkXds212d0"},"senderMessageKeys":[]},{"senderKeyId":286269258,"senderChainKey":{"iteration":1,"seed":"AEqmnC+/yYqbKX4Aw6MeBnFEh28G4zwWRNwuQgY7mU0="},"senderSigningKey":{"public":"BSWzva2QE4XSeeQ0EAR9RmktVqU6zzvlA/PiZ89S96wE"}}]