[{"senderKeyId":154039431,"senderChainKey":{"iteration":71,"seed":"5+3FP7AfApSjqd3HijZOfNs6hC17STdae0qiY8WiivI="},"senderSigningKey":{"public":"Bbwaq0yxwkoJuXJs3U1OVSoV73X/UGFMlP9AyF0axD1X"},"senderMessageKeys":[]},{"senderKeyId":154039431,"senderChainKey":{"iteration":35,"seed":"Qesu5wh/u+Q6XGN5o/YGfRXHFgCETHJ3bXMHtADTl28="},"senderSigningKey":{"public":"Bbwaq0yxwkoJuXJs3U1OVSoV73X/UGFMlP9AyF0axD1X"},"senderMessageKeys":[]},{"senderKeyId":154039431,"senderChainKey":{"iteration":40,"seed":"NY6wO5NXDOfiYnEJod48gsCfmmihR8Hd0YDOYKIHy28="},"senderSigningKey":{"public":"Bbwaq0yxwkoJuXJs3U1OVSoV73X/UGFMlP9AyF0axD1X"},"senderMessageKeys":[]},{"senderKeyId":154039431,"senderChainKey":{"iteration":46,"seed":"K/v4qeXN9zRoQMQ67QmE58CF1SWozZurlTSG/xY33j0="},"senderSigningKey":{"public":"Bbwaq0yxwkoJuXJs3U1OVSoV73X/UGFMlP9AyF0axD1X"},"senderMessageKeys":[]},{"senderKeyId":154039431,"senderChainKey":{"iteration":48,"seed":"lUNZaoCtK3eEbmi5xsdrX1x5DtIDn0YBi9CvHw5le7E="},"senderSigningKey":{"public":"Bbwaq0yxwkoJuXJs3U1OVSoV73X/UGFMlP9AyF0axD1X"},"senderMessageKeys":[]}]