[{"senderKeyId":372385387,"senderChainKey":{"iteration":237,"seed":"/JSiVrGn7/c7Xej9hOEnbGIiwKR1WIHrE1dTbD9/Zmo="},"senderSigningKey":{"public":"BSoJgbVLp9R0W4fws6weWC0Mp+yAhEEnwlqt7CNFBix5"},"senderMessageKeys":[{"iteration":1,"seed":"VUjSX6dH74/l75i7enoGPxfq21o3RI/yR97XQVY/Gcc="},{"iteration":3,"seed":"1t397LCNjw8JYWhClNFBvW+i/JPlXJRridHta9/+N64="},{"iteration":5,"seed":"AFgXIc7SMegG7vAYwWMxf/cbeeU7R1EeneQmAY9LDsQ="},{"iteration":7,"seed":"w1A0j4Msu4CmdCiZFVDOOG7isijlzVGPEaZNUHKh248="},{"iteration":9,"seed":"8Zi25/RbdalUq/NtdgknPPf61zy/5e/wZ1+ncAjE6sk="},{"iteration":11,"seed":"TI5Uo+fMRVR3wX0EHGfSDfGs25c95ahKq14UXOb6n7c="},{"iteration":13,"seed":"mlrAazF8s6aN4bhEW35DG5QqplOeMKyoDcw0oG6FObw="},{"iteration":15,"seed":"jENLrzp64m218HktybyZroGeyd0jlbK4NjS7dU+FXic="},{},{},{},{},{},{},{},{},{},{},{},{},{},{},{},{},{},{},{},{},{},{},{},{},{},{},{},{},{},{},{},{},{},{},{},{},{},{},{},{},{},{},{},{},{},{},{},{},{},{},{},{},{},{},{},{},{},{},{},{},{},{},{},{},{},{},{},{},{},{},{},{},{},{},{},{},{},{},{},{},{},{},{},{},{},{},{},{},{},{},{},{},{},{},{},{},{},{},{},{},{},{},{},{},{},{},{},{},{},{},{},{},{},{},{},{},{},{},{},{},{},{},{},{},{},{}]},{"senderKeyId":372385387,"senderChainKey":{"iteration":1,"seed":"qJOxR4GYFBRxLZXXeopvnQIfTEe6wzLpB07YeSLWbIk="},"senderSigningKey":{"public":"BSoJgbVLp9R0W4fws6weWC0Mp+yAhEEnwlqt7CNFBix5"},"senderMessageKeys":[]},{"senderKeyId":372385387,"senderChainKey":{"iteration":95,"seed":"Wq2T9EofegMwOTC/hFZMnxfbV/6ISj1aIcRY7x/i+0E="},"senderSigningKey":{"public":"BSoJgbVLp9R0W4fws6weWC0Mp+yAhEEnwlqt7CNFBix5"},"senderMessageKeys":[]},{"senderKeyId":372385387,"senderChainKey":{"iteration":155,"seed":"GiOFgP/mdHA0U9PZ9juhzXMn3oy+h6zHWcW6qAPP5k4="},"senderSigningKey":{"public":"BSoJgbVLp9R0W4fws6weWC0Mp+yAhEEnwlqt7CNFBix5"}}]