{"_sessions":{"BSJFsMFbCmehmL/HkgtKipLByEovAehJKe1bDAl2gWBM":{"registrationId":1154878774,"currentRatchet":{"ephemeralKeyPair":{"pubKey":"BZtT7Hp5Pqr+OUyeK01xLg4L6K3MTOo32XL8KsyDMTgs","privKey":"iB4TAf6xvpMr0JvNM7+xPFcLoIinTH/c30SzrCZN7F0="},"lastRemoteEphemeralKey":"BVBhrJ+WL8Zua2LnHzjyQDqDXCPqp7KZHzk3v2qJGnYl","previousCounter":0,"rootKey":"WXDqF094mECzTk0reboQi6Lqi/MfU0DtacDNAfHheSQ="},"indexInfo":{"baseKey":"BSJFsMFbCmehmL/HkgtKipLByEovAehJKe1bDAl2gWBM","baseKeyType":1,"closed":-1,"used":1696126043375,"created":1696126043375,"remoteIdentityKey":"BRTngU4CSW3Hq++vGwRKHLdG3zyxH6+ehYwSFXW2H61a"},"_chains":{"BZtT7Hp5Pqr+OUyeK01xLg4L6K3MTOo32XL8KsyDMTgs":{"chainKey":{"counter":0,"key":"6ggnf8sJEPZP+oO+VnoaApt6hGUG9jTZPA9n5vLILzE="},"chainType":1,"messageKeys":{}}},"pendingPreKey":{"signedKeyId":2,"baseKey":"BSJFsMFbCmehmL/HkgtKipLByEovAehJKe1bDAl2gWBM","preKeyId":6784952}}},"version":"v1"}