{"_sessions":{"BffkoRDKGlrs1i7xis9Tz6Iy4zpJ6yBT06chdbqVVRV6":{"registrationId":684692640,"currentRatchet":{"ephemeralKeyPair":{"pubKey":"BeLZKqbqwgDNNpl9/n4VcN072wJ4yd8OWOLlPq4QqXwO","privKey":"2B2D5I4jWkPKSJAG/oboA6AacNF8Cl5NxHmsC01ymFY="},"lastRemoteEphemeralKey":"BZCc3bdvc1YAn3d+nQvSzYeyAEwMVIz5Lul72GdYT3kc","previousCounter":0,"rootKey":"fI0VxMmIn3M8HgOhi6doG1jY8hVOKmw2+6tlbu3P9n8="},"indexInfo":{"baseKey":"BffkoRDKGlrs1i7xis9Tz6Iy4zpJ6yBT06chdbqVVRV6","baseKeyType":1,"closed":-1,"used":1696126043412,"created":1696126043412,"remoteIdentityKey":"BSaYm8HRkAmn1TwPAlhr2XrazuCbOHo/TL1OnvJVxGUt"},"_chains":{"BeLZKqbqwgDNNpl9/n4VcN072wJ4yd8OWOLlPq4QqXwO":{"chainKey":{"counter":0,"key":"E5HriGtW3UOSCugPoImoPwGeWsRjk/wfiFAeW/S5A9E="},"chainType":1,"messageKeys":{}}},"pendingPreKey":{"signedKeyId":9,"baseKey":"BffkoRDKGlrs1i7xis9Tz6Iy4zpJ6yBT06chdbqVVRV6","preKeyId":5047750}}},"version":"v1"}