{"_sessions":{"BeCzQ2YtWmHmKRPGzMQHZCGYYvhjeLRSxG9Iv4yMKbFU":{"registrationId":1012210398,"currentRatchet":{"ephemeralKeyPair":{"pubKey":"Be9yONONZLCK0Br8YhgPGh5dHI0Azc+f2I5cYXRDfK4l","privKey":"gKkAv3PMcivQ3pFaF5B/Qq7RqWUC+GXcyYROgK9SVl4="},"lastRemoteEphemeralKey":"BalkUjjdCVvNsRQzRoX208Ph7ovypBL8L2OeQl9+GB5+","previousCounter":0,"rootKey":"x+35ZAvV17TBkI6o+PUVsoUYXAVXQLeUZvfL4iYQr+0="},"indexInfo":{"baseKey":"BeCzQ2YtWmHmKRPGzMQHZCGYYvhjeLRSxG9Iv4yMKbFU","baseKeyType":1,"closed":-1,"used":1696126027021,"created":1696126027021,"remoteIdentityKey":"BVzmaWaF5AnlkDfc05hcjNhFcQNEB7H4GqLlgrU2oMZu"},"_chains":{"Be9yONONZLCK0Br8YhgPGh5dHI0Azc+f2I5cYXRDfK4l":{"chainKey":{"counter":0,"key":"AjKDaXPJIvbG9LbMPwr1yzwiZI0Lw9nL91cLJV8deRg="},"chainType":1,"messageKeys":{}}},"pendingPreKey":{"signedKeyId":9,"baseKey":"BeCzQ2YtWmHmKRPGzMQHZCGYYvhjeLRSxG9Iv4yMKbFU","preKeyId":7936251}}},"version":"v1"}