{"_sessions":{"BdHelgASftU7heuguCbr9yK+ZS6BZ212XHD8Jk49KZhs":{"registrationId":1566967487,"currentRatchet":{"ephemeralKeyPair":{"pubKey":"BcZOdMLCTSpGtXkekit5SiXx0ZcZXlOHnDiOQgUgMgUW","privKey":"CFy5TLy9mxNd0BG3Wnqxj3460Ti9Sw29BlsMO1cCfEY="},"lastRemoteEphemeralKey":"BaPykNOUPsVPM45wus0F6w5Ahmiei0t9jo29UrKpdAMo","previousCounter":0,"rootKey":"qxTfiRZrtWn9KUJj7iAmfdlfE8KA758moqpRHEu7FFw="},"indexInfo":{"baseKey":"BdHelgASftU7heuguCbr9yK+ZS6BZ212XHD8Jk49KZhs","baseKeyType":2,"closed":1694512807382,"used":1694512807005,"created":1694512807005,"remoteIdentityKey":"BZTECQAdWairBcn0HLUp2VolEc9SdB4qNcP4cYRnG61z"},"_chains":{"BaPykNOUPsVPM45wus0F6w5Ahmiei0t9jo29UrKpdAMo":{"chainKey":{"counter":0,"key":"g3LDOydYIdDLXesvHXa+Np3W83Xn9M7Dal5JbAEH0Hs="},"chainType":2,"messageKeys":{}},"BcZOdMLCTSpGtXkekit5SiXx0ZcZXlOHnDiOQgUgMgUW":{"chainKey":{"counter":-1,"key":"lhwDQtdudZL/xLi7M8BKEVUFhF8auJQwZFqhZcRaw4o="},"chainType":1,"messageKeys":{}}}},"BdrCinzbstLJGsQdUFCYFM1juaH46/9Rn1yxjhwXyWUX":{"registrationId":1566967487,"currentRatchet":{"ephemeralKeyPair":{"pubKey":"BZNfUIXY8fQBYAVaPy2zQjMsOdLJ+cYf5S8h/ZiDuzxK","privKey":"QBpcoPF/SwteAYLNhVs9F9zZzWGcSEik3eU9kQrQB10="},"lastRemoteEphemeralKey":"BZ1HOZ6rKUSV4b7RpNXaWJWw0WalO8Bd2q6omuudNOp8","previousCounter":1,"rootKey":"nO+7jD9ObJasR49de6505nQHPYD8U4GDqUCNBni34Jw="},"indexInfo":{"baseKey":"BdrCinzbstLJGsQdUFCYFM1juaH46/9Rn1yxjhwXyWUX","baseKeyType":1,"closed":-1,"used":1694514170839,"created":1694512807360,"remoteIdentityKey":"BZTECQAdWairBcn0HLUp2VolEc9SdB4qNcP4cYRnG61z"},"_chains":{"BahebjetWswGxsZaAhKCK04ut+AB6yFIDlW2obkEOrMK":{"chainKey":{"counter":6},"chainType":2,"messageKeys":{}},"BY/0AFvsrjugO3o6lTDY6SQDgu9mVt9oTK/W3NugL/sO":{"chainKey":{"counter":3},"chainType":2,"messageKeys":{}},"BYJJAe3mrYDr8+N64VF7VR9g2bhr//5sx1Rx9WQiziYS":{"chainKey":{"counter":1},"chainType":2,"messageKeys":{}},"BVyBipX3mThcj05CLuoqs31m3IBHUtySo2ihOLo81Vk4":{"chainKey":{"counter":1},"chainType":2,"messageKeys":{}},"BTLFc0Q897TVXI0mtjXeRDNpDAMmFygNL8A8WOKNuBQt":{"chainKey":{"counter":0},"chainType":2,"messageKeys":{}},"BX6AvnQcpYr2bHrQO7Sq6NMOz3/2yxApMiqsNyu4KMUc":{"chainKey":{"counter":0},"chainType":2,"messageKeys":{}},"BUuTU3r17t3hAXVdyBIF4pzcqQshFmYVM+XCJa4LwYhB":{"chainKey":{"counter":0},"chainType":2,"messageKeys":{}},"BTdgqmpCUunSaTMQtgidtwH8AxZBDqMI58t3CJno+OBG":{"chainKey":{"counter":0},"chainType":2,"messageKeys":{}},"BW774ae2vMa82zCzyEwXEEHecoC2xRTVRlcuizIayOVC":{"chainKey":{"counter":0},"chainType":2,"messageKeys":{}},"BRLKlqF9xOV26uoaqADzvwG0ZMuo4y1aRJ9P2TeT2HUo":{"chainKey":{"counter":0},"chainType":2,"messageKeys":{}},"BZ1HOZ6rKUSV4b7RpNXaWJWw0WalO8Bd2q6omuudNOp8":{"chainKey":{"counter":0,"key":"WEmosFv/usXteTtAqwVD3oQkz8pajYjB9+5IP9byYBo="},"chainType":2,"messageKeys":{}},"BZNfUIXY8fQBYAVaPy2zQjMsOdLJ+cYf5S8h/ZiDuzxK":{"chainKey":{"counter":0,"key":"GHWvSNI1GF0lVjA1gj5sRIZbVVhutBXBcNldPzsS09o="},"chainType":1,"messageKeys":{}}}}},"version":"v1"}