{"_sessions":{"BYYAQMovEQSOTQqfeeYMoebP8wjZBIlzHEc6ZLoyDWEo":{"registrationId":244,"currentRatchet":{"ephemeralKeyPair":{"pubKey":"BdHY1PWvQjbKzfEDF972gl8dumtX9Pe3l70/t8fF6Jti","privKey":"eEppMQ1tbHgE5oUrukrs71E1AvbW/DpObI/xDVJGmWs="},"lastRemoteEphemeralKey":"BZk854S6/biKLlzyuSgve1p5NwqR5Cnnuc2N9wPLVsA1","previousCounter":0,"rootKey":"Itt1eLzewtGdi60sMMbA0bMekrl+IqGVeguAjDU6HxA="},"indexInfo":{"baseKey":"BYYAQMovEQSOTQqfeeYMoebP8wjZBIlzHEc6ZLoyDWEo","baseKeyType":1,"closed":-1,"used":1696126043361,"created":1696126043361,"remoteIdentityKey":"BQJ5TidDlOXdFBxJmmIMGQtjLKWHwQHU8Du4dkxgaf4y"},"_chains":{"BdHY1PWvQjbKzfEDF972gl8dumtX9Pe3l70/t8fF6Jti":{"chainKey":{"counter":0,"key":"ymjy4+31c4i7nS9Aue2RdxtgZeMXd4uoYuup0/yoeRw="},"chainType":1,"messageKeys":{}}},"pendingPreKey":{"signedKeyId":1,"baseKey":"BYYAQMovEQSOTQqfeeYMoebP8wjZBIlzHEc6ZLoyDWEo"}}},"version":"v1"}