{"_sessions":{"BVAeOec0z8HnUzT0Snc1F9RbtG2Hvj5L6HcCbodqo4xr":{"registrationId":1487002712,"currentRatchet":{"ephemeralKeyPair":{"pubKey":"BWCf/hxxMYw8ZfPWlk78FYAcIdl+2UouiOq2uqtRZS8T","privKey":"QIaGhkJTsRfEMSxUF5fo2jIBpSzS/82+alWRLwVbVXg="},"lastRemoteEphemeralKey":"Bebr6rYBJ+2La55v9Zz2NGPdjBHKLv/IxpSbbskPB/F4","previousCounter":0,"rootKey":"1E/BdVTZsjIQGZW40Cvh7iYcH16wmEqM6DwJImm6nzo="},"indexInfo":{"baseKey":"BVAeOec0z8HnUzT0Snc1F9RbtG2Hvj5L6HcCbodqo4xr","baseKeyType":1,"closed":-1,"used":1696126043421,"created":1696126043421,"remoteIdentityKey":"BQX+thQdJ0l7YSTdEoipn1I/DkiMPTGwdCtt6Q4e+RQg"},"_chains":{"BWCf/hxxMYw8ZfPWlk78FYAcIdl+2UouiOq2uqtRZS8T":{"chainKey":{"counter":0,"key":"y5I6gKu/yl1r6X0gSaK7ZHJiL8cT95vXkQcW0TMczP8="},"chainType":1,"messageKeys":{}}},"pendingPreKey":{"signedKeyId":1,"baseKey":"BVAeOec0z8HnUzT0Snc1F9RbtG2Hvj5L6HcCbodqo4xr","preKeyId":7777836}}},"version":"v1"}