{"_sessions":{"BXqhtUhv0QXSjBjRFCsDdeGACjeHs+2ZbD4dYN3FAOc3":{"registrationId":105,"currentRatchet":{"ephemeralKeyPair":{"pubKey":"BTlT+lzvNhdLQ/XkzyFMYbLdiNXWQjzYbTyN6ES1SDBr","privKey":"OKiFmMcEbmGF8t7FcdQPAzqqPiNj03/XLI0L3r5KklU="},"lastRemoteEphemeralKey":"BW/adzzD4m3X3Up8MB4cBlNNQ2P6UAZTHn1hmTOkJ2xS","previousCounter":0,"rootKey":"XHrFn70+CQrorXPCF4HeWiEIs3xl1C/8l5W8dJeEMlI="},"indexInfo":{"baseKey":"BXqhtUhv0QXSjBjRFCsDdeGACjeHs+2ZbD4dYN3FAOc3","baseKeyType":1,"closed":-1,"used":1696126044790,"created":1696126044790,"remoteIdentityKey":"BdiSolQE6dK+lBnwq05K9yNDQRvo5iVs95RCa487DSgn"},"_chains":{"BTlT+lzvNhdLQ/XkzyFMYbLdiNXWQjzYbTyN6ES1SDBr":{"chainKey":{"counter":0,"key":"6ZHwgFxqpApo552tAaCFFHqUq/uO5o2ISrP3GsKDifo="},"chainType":1,"messageKeys":{}}},"pendingPreKey":{"signedKeyId":1,"baseKey":"BXqhtUhv0QXSjBjRFCsDdeGACjeHs+2ZbD4dYN3FAOc3"}}},"version":"v1"}