{"_sessions":{"BSBkMxRzxywP1iIPDti8A1Jqjz2ciqAt1RMcDWvgJ8U3":{"registrationId":1203719386,"currentRatchet":{"ephemeralKeyPair":{"pubKey":"Ba9TugfIj2sMgDBQ8fgiBzvHmc9/qolm5dqkIWa0BB4y","privKey":"iAFsW/CtSt9/e8LTpVGXuPG9IvJPe/+4hxCRMu/DP3M="},"lastRemoteEphemeralKey":"BVqi6DLGsEmLeQcsH8BTT9+OApRfoOwiVs0i8j3T5i4B","previousCounter":0,"rootKey":"agVst8/KvqSmSRpRC+FCL7ktqJtTZwodN9NyAEmrZQo="},"indexInfo":{"baseKey":"BSBkMxRzxywP1iIPDti8A1Jqjz2ciqAt1RMcDWvgJ8U3","baseKeyType":1,"closed":-1,"used":1696126043401,"created":1696126043401,"remoteIdentityKey":"BZJKi+XBpqqMRe86L1MKBYQ6DKPzt0L4NptFIaXOrs0r"},"_chains":{"Ba9TugfIj2sMgDBQ8fgiBzvHmc9/qolm5dqkIWa0BB4y":{"chainKey":{"counter":0,"key":"beScyD9Y3ntlCcUIRxMaFMGsxPN5XkEw0T5icBXq1/A="},"chainType":1,"messageKeys":{}}},"pendingPreKey":{"signedKeyId":1,"baseKey":"BSBkMxRzxywP1iIPDti8A1Jqjz2ciqAt1RMcDWvgJ8U3","preKeyId":5599189}}},"version":"v1"}