{"_sessions":{"BVpSOosjP2NiMEL7AiSK1dndt65g5wREuGM1XXYGpRMS":{"registrationId":2120604812,"currentRatchet":{"ephemeralKeyPair":{"pubKey":"BSddJ0UK4FgfQgHeImVTTilpcY+GVGWJVk2DR+6FMzdp","privKey":"8OL6AmLpZQDCxC6RuNt1h77lMyJ+11qAohbzP3Nmtl8="},"lastRemoteEphemeralKey":"BfMl6WP9fGgx0VtQ+EuxUPitJBZr8AnDB1t4X0yJDWoV","previousCounter":0,"rootKey":"V0AhNxSYAfnWVutQ6x8ql8IODOMVOhOvylIj/7RYzaM="},"indexInfo":{"baseKey":"BVpSOosjP2NiMEL7AiSK1dndt65g5wREuGM1XXYGpRMS","baseKeyType":1,"closed":-1,"used":1694512991767,"created":1694512991767,"remoteIdentityKey":"Bfa4FBvISwMeNOkiOjH4JeAbq2YhQmqQQ26DSRkiwg0S"},"_chains":{"BSddJ0UK4FgfQgHeImVTTilpcY+GVGWJVk2DR+6FMzdp":{"chainKey":{"counter":3,"key":"BKLU9JCYn4eW7k3Snsci+KTIaQrNmCJOqKpJUxzP+ZM="},"chainType":1,"messageKeys":{}}},"pendingPreKey":{"signedKeyId":0,"baseKey":"BVpSOosjP2NiMEL7AiSK1dndt65g5wREuGM1XXYGpRMS","preKeyId":13968403}}},"version":"v1"}