{"_sessions":{"BXCI7KGeGCL/J5JdwBjqcADHBOIawdjcX/VX/HtoOuVX":{"registrationId":48,"currentRatchet":{"ephemeralKeyPair":{"pubKey":"BTuziruF3PjxzA8lZVYVtct9LYHeNq6JXknHGikwSuQa","privKey":"UC89boD07uUs/rcI9ZtjaQhtZ/IkaPkTUk2A3m4zuXw="},"lastRemoteEphemeralKey":"BeYuoKn00WskZ4x6whD2hduZvYRcJYgljgj74lmQVzpM","previousCounter":0,"rootKey":"5g11xLAt43fsBmyH3FhQNG/XmWa+xRlgtkLEPmLSLZ0="},"indexInfo":{"baseKey":"BXCI7KGeGCL/J5JdwBjqcADHBOIawdjcX/VX/HtoOuVX","baseKeyType":1,"closed":-1,"used":1694512807356,"created":1694512807356,"remoteIdentityKey":"BYHX+562QHD5d8gkHJlY7B+8PtmM4KbwAEGdJuZ6V5IC"},"_chains":{"BTuziruF3PjxzA8lZVYVtct9LYHeNq6JXknHGikwSuQa":{"chainKey":{"counter":10,"key":"g/1vlWlGui3Pkrt6lHVgGOy3N+kQJpl5+s5CTNxDb80="},"chainType":1,"messageKeys":{}}},"pendingPreKey":{"signedKeyId":1,"baseKey":"BXCI7KGeGCL/J5JdwBjqcADHBOIawdjcX/VX/HtoOuVX","preKeyId":488}}},"version":"v1"}