{"_sessions":{"BbO7rddPkKg5YTZk1RrKFEZo1Qy0f0PT6Ul5lHTiH808":{"registrationId":982682188,"currentRatchet":{"ephemeralKeyPair":{"pubKey":"BW8v9xq1mquM7eb36axbjMgVkXmOjZN954VWIlQhfEBn","privKey":"AL5RNEh/hnkWZjxdzu6/qYRmY4zgZqjufNhQVFBo8U0="},"lastRemoteEphemeralKey":"BVkbMdeNbkot9q5dSfMkExBei1SQD9cjH520waz8NIE7","previousCounter":0,"rootKey":"Qzy42+mkvQRiVwoHKrzQN6CkI3hhvp53VZ1SgWQHo6o="},"indexInfo":{"baseKey":"BbO7rddPkKg5YTZk1RrKFEZo1Qy0f0PT6Ul5lHTiH808","baseKeyType":1,"closed":-1,"used":1696126043406,"created":1696126043406,"remoteIdentityKey":"BeiFGa2vulfEGCDqUVu02/e1ipsXOHu7NgKVJZgSvvUv"},"_chains":{"BW8v9xq1mquM7eb36axbjMgVkXmOjZN954VWIlQhfEBn":{"chainKey":{"counter":0,"key":"qV/xKOUE/32gOFo3cCEr0zfG5fFuiQBvVEMYk9jcSnM="},"chainType":1,"messageKeys":{}}},"pendingPreKey":{"signedKeyId":7,"baseKey":"BbO7rddPkKg5YTZk1RrKFEZo1Qy0f0PT6Ul5lHTiH808","preKeyId":12747198}}},"version":"v1"}