{"_sessions":{"BQYd/JJJBde03Q4CswU1YSFruE5qs1JlTGeOyvDQTEF8":{"registrationId":2120604812,"currentRatchet":{"ephemeralKeyPair":{"pubKey":"BZgO9lLOpCspz65Rcn7ZBhXO3KC9zvvqcuIx4vOr4Il/","privKey":"sJgQoaxADSNFUtFotzxF0918qUCZD1c4h7uN80xlNGc="},"lastRemoteEphemeralKey":"Bchzjr6fYAKVuzOAqfKzP0BI3t31x7tgcCs9MF7RP9oF","previousCounter":0,"rootKey":"Q8dyuL0eBD024FQXiXMJRfBZEM9DLJYkmWRdI1PMxxY="},"indexInfo":{"baseKey":"BQYd/JJJBde03Q4CswU1YSFruE5qs1JlTGeOyvDQTEF8","baseKeyType":1,"closed":-1,"used":1696126043386,"created":1696126043386,"remoteIdentityKey":"Bfa4FBvISwMeNOkiOjH4JeAbq2YhQmqQQ26DSRkiwg0S"},"_chains":{"BZgO9lLOpCspz65Rcn7ZBhXO3KC9zvvqcuIx4vOr4Il/":{"chainKey":{"counter":1,"key":"5tq2utKC41r8j+iWKbns+RDQjujxA2j83uj/56aHLVo="},"chainType":1,"messageKeys":{}}},"pendingPreKey":{"signedKeyId":1,"baseKey":"BQYd/JJJBde03Q4CswU1YSFruE5qs1JlTGeOyvDQTEF8","preKeyId":13972308}}},"version":"v1"}