{"_sessions":{"BZaA4EDLxSzh8ruAEmxZbgyMQx3Q4+EKwnpVhxHGHkI2":{"registrationId":90996477,"currentRatchet":{"ephemeralKeyPair":{"pubKey":"BYKQYUr/JT9knaWPprE10a0QX6CJ6AIDjnMQD0a3Itsh","privKey":"mD+7tzhZB7Xr9emzFB8FQK+HCrOR4GWCqOFkhKVrYEk="},"lastRemoteEphemeralKey":"BQG7yiw7iGcDCMBb4/POMAn6UKBITcu2NMTJI12Ez4tU","previousCounter":0,"rootKey":"k0c9ruUR/RogCSzNihQD/KwxFQs/M54S0X1q17aOCkQ="},"indexInfo":{"baseKey":"BZaA4EDLxSzh8ruAEmxZbgyMQx3Q4+EKwnpVhxHGHkI2","baseKeyType":1,"closed":-1,"used":1696126044810,"created":1696126044810,"remoteIdentityKey":"BfVOsfa9/UzjFDdHYN16vKtY984IBT4/CvE/IAC5dtYs"},"_chains":{"BYKQYUr/JT9knaWPprE10a0QX6CJ6AIDjnMQD0a3Itsh":{"chainKey":{"counter":0,"key":"sROACl2jv0ocZhtybzXhnNZPiYrXeahuSti4R/YnMT8="},"chainType":1,"messageKeys":{}}},"pendingPreKey":{"signedKeyId":2,"baseKey":"BZaA4EDLxSzh8ruAEmxZbgyMQx3Q4+EKwnpVhxHGHkI2","preKeyId":4082762}}},"version":"v1"}