{"_sessions":{"BTaOZEEqQHFCEjiyw4wOjgxJK7XLJ73HeyyrBmD7x7YR":{"registrationId":381739011,"currentRatchet":{"ephemeralKeyPair":{"pubKey":"BRPoVT5GpjWG5ica3EPuUzR/psLGNCrLjIlFEpHRUHgM","privKey":"GO+cnZ7sjM36wtPs5W8WmwZi7KqBzknJQaRYahbCNmY="},"lastRemoteEphemeralKey":"Bd4SroGBuyioqY+DWUydoLXLta6gFhJnJ+ubEqKyCw9y","previousCounter":0,"rootKey":"P+OrgvIFwWqf4WjBFmuF8XyD43hXN4nKMjirJyzMPc8="},"indexInfo":{"baseKey":"BTaOZEEqQHFCEjiyw4wOjgxJK7XLJ73HeyyrBmD7x7YR","baseKeyType":1,"closed":-1,"used":1696126044805,"created":1696126044805,"remoteIdentityKey":"BYtCW/0oB6J2VkDfkHrnP5+Xb4jzcpmdZlGuhOXiYYAE"},"_chains":{"BRPoVT5GpjWG5ica3EPuUzR/psLGNCrLjIlFEpHRUHgM":{"chainKey":{"counter":0,"key":"5xNEC1/f4SpygD5OaAcTuq2co+9C3C6yhnACUCLfg3U="},"chainType":1,"messageKeys":{}}},"pendingPreKey":{"signedKeyId":1,"baseKey":"BTaOZEEqQHFCEjiyw4wOjgxJK7XLJ73HeyyrBmD7x7YR","preKeyId":7895826}}},"version":"v1"}