{"_sessions":{"Bc8OPPAiu44OYCY+ADQswXPJojhpQ91YHTqSL54zjwsV":{"registrationId":116,"currentRatchet":{"ephemeralKeyPair":{"pubKey":"BeBOmNtELrRO6g6CKzj/ID6EoOTx2yZJQw3+wDZcRfIi","privKey":"uDeHxs8me/3+4v5NeD7H61BiYS6+8IxZbsI3iPrVNFg="},"lastRemoteEphemeralKey":"BSZUSe/TGnOoIc8Vjo1Io/AYkpVvRUZBuuPvx50z/QtU","previousCounter":0,"rootKey":"ycW9/9li5VX2TXTm2z8C5KihliLqEZntoeVr1AnYwPU="},"indexInfo":{"baseKey":"Bc8OPPAiu44OYCY+ADQswXPJojhpQ91YHTqSL54zjwsV","baseKeyType":1,"closed":-1,"used":1696126043365,"created":1696126043365,"remoteIdentityKey":"BRK5AmPH8paI4gayMNH0zDUipecf0xxvtk8ZABrqffMA"},"_chains":{"BeBOmNtELrRO6g6CKzj/ID6EoOTx2yZJQw3+wDZcRfIi":{"chainKey":{"counter":0,"key":"tLglxGWGfOnz+75mI1LWGGm1MeppJZl3eRSiEtDqV3w="},"chainType":1,"messageKeys":{}}},"pendingPreKey":{"signedKeyId":1,"baseKey":"Bc8OPPAiu44OYCY+ADQswXPJojhpQ91YHTqSL54zjwsV"}}},"version":"v1"}