{"_sessions":{"BX7UnEfd6+cNi/FWJW0zKb8H0d5vDv1988ppa9AtP3kJ":{"registrationId":54,"currentRatchet":{"ephemeralKeyPair":{"pubKey":"BUpRJnsJhIgFxIFCNL9lRwf9jwMW9laf20OKMz3EoRMh","privKey":"4J88fjqsfMIQ9TXMYVJ/w+KAKAm+wvhEBqFyCPqzSVs="},"lastRemoteEphemeralKey":"Bb7RpVtxIrjkHcY96Groxsro8NcJyoTdcrj9MYTcS9xR","previousCounter":0,"rootKey":"rOHGUnVOgqx1B/cNxTUrpqcLfuuvBbOQN8qMbZUCaj8="},"indexInfo":{"baseKey":"BX7UnEfd6+cNi/FWJW0zKb8H0d5vDv1988ppa9AtP3kJ","baseKeyType":1,"closed":-1,"used":1696126043357,"created":1696126043357,"remoteIdentityKey":"BVJsn40nuJzAeIAgOksz5qJyoR1GMUVjsWTLzoHGt45J"},"_chains":{"BUpRJnsJhIgFxIFCNL9lRwf9jwMW9laf20OKMz3EoRMh":{"chainKey":{"counter":0,"key":"Tli/UtWzCPZOqdxpaz1BlP9lr3SzhDaLObcMrJ9eU2E="},"chainType":1,"messageKeys":{}}},"pendingPreKey":{"signedKeyId":1,"baseKey":"BX7UnEfd6+cNi/FWJW0zKb8H0d5vDv1988ppa9AtP3kJ"}}},"version":"v1"}