{"_sessions":{"Bfy+Nsu7BuPk6Ty6I8zK4vrAJX7xCL/Bv35HQTrGQgZB":{"registrationId":959115576,"currentRatchet":{"ephemeralKeyPair":{"pubKey":"BagbVkCcCzYWjcUYbLx2gPi+W4WW6ZQMHsRVOH9jT0s5","privKey":"ADLY2D08kpUdtPImW2vIGZSORABkGvJ2VH8cYLzhdlw="},"lastRemoteEphemeralKey":"BWz94Vcna6YcVXEqxvQMpxQaarot/erqUsyxemYEF01x","previousCounter":0,"rootKey":"MLp20xbp7JRqXQkXvKFGiy3sA3kYWZ7T2RR3eo2PswA="},"indexInfo":{"baseKey":"Bfy+Nsu7BuPk6Ty6I8zK4vrAJX7xCL/Bv35HQTrGQgZB","baseKeyType":1,"closed":-1,"used":1696126044800,"created":1696126044800,"remoteIdentityKey":"BbQ3z9TOt3AdB5aScqhFkfm2T4oR4YP/cgAZwgsspYEn"},"_chains":{"BagbVkCcCzYWjcUYbLx2gPi+W4WW6ZQMHsRVOH9jT0s5":{"chainKey":{"counter":0,"key":"cGPRgMR1TiotcwPGjojWOD2IeZ3G8mYmjLIRtpcaPAk="},"chainType":1,"messageKeys":{}}},"pendingPreKey":{"signedKeyId":2,"baseKey":"Bfy+Nsu7BuPk6Ty6I8zK4vrAJX7xCL/Bv35HQTrGQgZB","preKeyId":4882162}}},"version":"v1"}