{"_sessions":{"BQqvlfZpU2GPGwJ0yrOl0ye/eiByTfjuF1VBRR9DZLAw":{"registrationId":34,"currentRatchet":{"ephemeralKeyPair":{"pubKey":"BaWSHyLHV20gtKxCN7IDznWf8mbwjR6+mnZ4i57i0s0t","privKey":"aJ6frWruAa0tuH469mVtIHmQt+3McBaZC4ENZGW8vGY="},"lastRemoteEphemeralKey":"Bfkhwr9mqc46TZbdCdkh5WquF5BKL8iyr9T01QslqnpY","previousCounter":0,"rootKey":"AFQv0AR1sVI2ncpEfYiQWAk6brzwRqoqNAT5vH43fMs="},"indexInfo":{"baseKey":"BQqvlfZpU2GPGwJ0yrOl0ye/eiByTfjuF1VBRR9DZLAw","baseKeyType":1,"closed":-1,"used":1696126043370,"created":1696126043370,"remoteIdentityKey":"BYeidRTtGLg1U09nccnvE/ERMX1lmQNxqjF4b1FCujoq"},"_chains":{"BaWSHyLHV20gtKxCN7IDznWf8mbwjR6+mnZ4i57i0s0t":{"chainKey":{"counter":0,"key":"2H97+Jb9Jz6T9zziFTLh/Ea1ZYkHRtCmykkp01V8w/c="},"chainType":1,"messageKeys":{}}},"pendingPreKey":{"signedKeyId":1,"baseKey":"BQqvlfZpU2GPGwJ0yrOl0ye/eiByTfjuF1VBRR9DZLAw","preKeyId":86}}},"version":"v1"}