{"_sessions":{"BYrZqzinPl6Eu+Wl1KNuZWRrPpq7QtsuXcrGQAV18pBs":{"registrationId":1982,"currentRatchet":{"ephemeralKeyPair":{"pubKey":"BaGIyKAxUY/i1pQ2NMDCdg9m6JiQOMPHJoN1qbgVFcxl","privKey":"2M/NMW8oVwE0ML2mPwnR7vctZXhNtHmskGBUzz5S4HA="},"lastRemoteEphemeralKey":"BZy2Jl7pWzY7P0TMecTL9NxddZYkFgpY6nXsrkOrVOxZ","previousCounter":0,"rootKey":"3krzO9W8wexHTQ0G3g5xj88TILYexlN6iviciDhXdwI="},"indexInfo":{"baseKey":"BYrZqzinPl6Eu+Wl1KNuZWRrPpq7QtsuXcrGQAV18pBs","baseKeyType":1,"closed":-1,"used":1696126043352,"created":1696126043352,"remoteIdentityKey":"BeM4rBMYm18Tf+lUFPI+zpX/m176fb3dwI6FkBgctQpD"},"_chains":{"BaGIyKAxUY/i1pQ2NMDCdg9m6JiQOMPHJoN1qbgVFcxl":{"chainKey":{"counter":0,"key":"3wSSP6lkTMOWxI5x/2bbJH797Xb7iE4/xPZ+nqMFpE8="},"chainType":1,"messageKeys":{}}},"pendingPreKey":{"signedKeyId":1,"baseKey":"BYrZqzinPl6Eu+Wl1KNuZWRrPpq7QtsuXcrGQAV18pBs"}}},"version":"v1"}