{"_sessions":{"BX4164UY2EDd3OM0GsbkPggGmRLZQl96kxkqQq/TOkIL":{"registrationId":224,"currentRatchet":{"ephemeralKeyPair":{"pubKey":"BQxcpr20CR2NUmh9VXnlae3ARsyfwbfQHDBNGI28ts9m","privKey":"UNagvdHYVnNGFDNUiuvGub/FqzqhwBTpqYRguCITp08="},"lastRemoteEphemeralKey":"BV1Suu202F056QeueXqHvySf6Yi361CkKXL+Y/QsP49d","previousCounter":0,"rootKey":"US23Jbm8GRLi1Q1tLb1hKSIki1952/Il9FRjAu/zb70="},"indexInfo":{"baseKey":"BX4164UY2EDd3OM0GsbkPggGmRLZQl96kxkqQq/TOkIL","baseKeyType":1,"closed":-1,"used":1696126043348,"created":1696126043348,"remoteIdentityKey":"BQZQg7seGnK+Z/SFJKW9RRLx7Mbabig+a9n7DdAbLCYM"},"_chains":{"BQxcpr20CR2NUmh9VXnlae3ARsyfwbfQHDBNGI28ts9m":{"chainKey":{"counter":1,"key":"WUbddTuwE/SmSPJaPPSob/7b32fWEwMlEQRFMRIeQps="},"chainType":1,"messageKeys":{}}},"pendingPreKey":{"signedKeyId":1,"baseKey":"BX4164UY2EDd3OM0GsbkPggGmRLZQl96kxkqQq/TOkIL"}}},"version":"v1"}