{"_sessions":{"BWL6PI4sCcgdzVsrYGx6J0wrCCS9psdun1NqL3taY1oh":{"registrationId":1982,"currentRatchet":{"ephemeralKeyPair":{"pubKey":"BUazjSoCDaRFXbDxoAp38S4RjaKUPt8cr6uimKnUMclc","privKey":"6L7QkYWE/lXQy99MA0EeghNTGhE8fLOi4sdwUIqv60c="},"lastRemoteEphemeralKey":"BZy2Jl7pWzY7P0TMecTL9NxddZYkFgpY6nXsrkOrVOxZ","previousCounter":0,"rootKey":"G2SoAwdEFGInIl5bDvRStlRTlU6dnYjS0IC1D3pMNIo="},"indexInfo":{"baseKey":"BWL6PI4sCcgdzVsrYGx6J0wrCCS9psdun1NqL3taY1oh","baseKeyType":1,"closed":-1,"used":1694512870002,"created":1694512870002,"remoteIdentityKey":"BeM4rBMYm18Tf+lUFPI+zpX/m176fb3dwI6FkBgctQpD"},"_chains":{"BUazjSoCDaRFXbDxoAp38S4RjaKUPt8cr6uimKnUMclc":{"chainKey":{"counter":3,"key":"yFvkb3COWAGIZqSutSrlcGEkFHNh/JeqPgXHWEaJLHw="},"chainType":1,"messageKeys":{}}},"pendingPreKey":{"signedKeyId":1,"baseKey":"BWL6PI4sCcgdzVsrYGx6J0wrCCS9psdun1NqL3taY1oh"}}},"version":"v1"}