{"_sessions":{"BebocQNfvxrnAlY6czInUjBzsi9TIG5yS7qpOWOE0TRf":{"registrationId":1724864334,"currentRatchet":{"ephemeralKeyPair":{"pubKey":"BTNXL8482SP6++bHGFzK77iVgjDryLiZsGoKz4YTnRgq","privKey":"6Kaj/J3cFxPu/1KXtVyFLOf4ETQxt4WOK5nqbkvPKm4="},"lastRemoteEphemeralKey":"BfOqEzR9Mmc9/JkZ+w6Gq6DQcivEJkWG+czncQiYZHcX","previousCounter":0,"rootKey":"CFdpY37omypSawium6VTrPoptlg3dCE6mBUTM+LEqJs="},"indexInfo":{"baseKey":"BebocQNfvxrnAlY6czInUjBzsi9TIG5yS7qpOWOE0TRf","baseKeyType":1,"closed":-1,"used":1696126043428,"created":1696126043428,"remoteIdentityKey":"BYrI/1Upmxs84fInMH1ie1C3iFLKfER6W5a1KVrRLrZl"},"_chains":{"BTNXL8482SP6++bHGFzK77iVgjDryLiZsGoKz4YTnRgq":{"chainKey":{"counter":0,"key":"YITR7nGpdHBguvdTyJy5EOlRJ19R5ie3pb4FcUvbXoM="},"chainType":1,"messageKeys":{}}},"pendingPreKey":{"signedKeyId":1,"baseKey":"BebocQNfvxrnAlY6czInUjBzsi9TIG5yS7qpOWOE0TRf","preKeyId":15675107}}},"version":"v1"}