{"_sessions":{"BTllxKVIA47cDh0E+xnmGwR0LBkrH6g0I4d/gtCd8Ekx":{"registrationId":2030308963,"currentRatchet":{"ephemeralKeyPair":{"pubKey":"BaC7mz4/IdhdTq5h51ULp4P++c/zTozj3DIeS9qwQPFl","privKey":"eKKsKvzfIwGf4fbCwNYQz6mw4RtVSounTj71QNekNXw="},"lastRemoteEphemeralKey":"Bdzf11vI+XOkx2W8SNhvUhB7+9pJAJhxK5wdON9ikMwY","previousCounter":0,"rootKey":"caXUCmL0d9h0pEL5nW+cLXgn/8csZNe7A2k7fng615Y="},"indexInfo":{"baseKey":"BTllxKVIA47cDh0E+xnmGwR0LBkrH6g0I4d/gtCd8Ekx","baseKeyType":1,"closed":-1,"used":1696126044817,"created":1696126044817,"remoteIdentityKey":"BRhwHNASezPVrF+086v95mbCnnrUFUni8HfWfXd2JvZz"},"_chains":{"BaC7mz4/IdhdTq5h51ULp4P++c/zTozj3DIeS9qwQPFl":{"chainKey":{"counter":0,"key":"jgZ76PCdq8N1CDcQEruajjMenKMwFgWCS7xxu0iRO2U="},"chainType":1,"messageKeys":{}}},"pendingPreKey":{"signedKeyId":0,"baseKey":"BTllxKVIA47cDh0E+xnmGwR0LBkrH6g0I4d/gtCd8Ekx","preKeyId":2290819}}},"version":"v1"}