{"_sessions":{"Bb1eKCXesJ4en9GgK8JFA1sP2Lclz5Hcecij7t76S75i":{"registrationId":910012786,"currentRatchet":{"ephemeralKeyPair":{"pubKey":"BZjxq27o2EeE64G8xRVu/xY0bCTZID5bNb5PdgnWE5BA","privKey":"OG6IgwwGIXXXf4LNYK4xDqCNq5SA/qFF36syBsCFlVo="},"lastRemoteEphemeralKey":"BV7el4n4cjck8sklo54kXxr8ANW/Zj5q4Z0kMwrgMahC","previousCounter":0,"rootKey":"GV1PW/Gv8v2sbjetWh2CrSOmkQ6eSgc3DZn/lSgTn5s="},"indexInfo":{"baseKey":"Bb1eKCXesJ4en9GgK8JFA1sP2Lclz5Hcecij7t76S75i","baseKeyType":1,"closed":-1,"used":1696126044795,"created":1696126044795,"remoteIdentityKey":"BWafNq1Aj35n4gglvNysRonaIjVS6oKR8sqhXq7YFJcX"},"_chains":{"BZjxq27o2EeE64G8xRVu/xY0bCTZID5bNb5PdgnWE5BA":{"chainKey":{"counter":0,"key":"ieiLgGb5wrBIbO59hO6KZuKaJ8JvTbmkJoAKXRMkocE="},"chainType":1,"messageKeys":{}}},"pendingPreKey":{"signedKeyId":2,"baseKey":"Bb1eKCXesJ4en9GgK8JFA1sP2Lclz5Hcecij7t76S75i","preKeyId":927074}}},"version":"v1"}