{"_sessions":{"BVhblw1nJqnypW2PeB4FiJ5vju4VPOVHyRHBmU/LmfAN":{"registrationId":883244767,"currentRatchet":{"ephemeralKeyPair":{"pubKey":"BWdOC3Jb0wsET49fjV9a3uGkNqGPwqpheUbHfAIl3lVT","privKey":"UIE8WJH31+Ng5KsX6Xsa7rK9dXzGdbjGyJF/fCsWoFc="},"lastRemoteEphemeralKey":"BY08TW6hqqZu+T6N1h+x5CXX8bECrnSfCg/8yXIWsYhT","previousCounter":0,"rootKey":"wKdKStDbX8j3vdnuaT38ISeMZzOUhpwJT7oQwKezqM8="},"indexInfo":{"baseKey":"BVhblw1nJqnypW2PeB4FiJ5vju4VPOVHyRHBmU/LmfAN","baseKeyType":1,"closed":-1,"used":1696126043380,"created":1696126043380,"remoteIdentityKey":"BfA2kXvNqGOKthb//PXUR+IMS2gof7SThE5EPlywN9wl"},"_chains":{"BWdOC3Jb0wsET49fjV9a3uGkNqGPwqpheUbHfAIl3lVT":{"chainKey":{"counter":1,"key":"VUqhFFwOrBOYGOF9q8C2FVppcRC8qWizZQsLCrwvCX0="},"chainType":1,"messageKeys":{}}},"pendingPreKey":{"signedKeyId":1,"baseKey":"BVhblw1nJqnypW2PeB4FiJ5vju4VPOVHyRHBmU/LmfAN","preKeyId":16536423}}},"version":"v1"}