{"_sessions":{"BYk+SBQIeM4f5RbS1z2lNJ3+vD7xJB3nLzh5cOVUEZEx":{"registrationId":2041045247,"currentRatchet":{"ephemeralKeyPair":{"pubKey":"BcLZd1AiVUbw3iNSQLnPZjWv5/9hf46r/6sM1Oc7iipx","privKey":"0G7Up7E3a/+6F1SVrwMb1i48deuZZeRIPUWQ57Uru34="},"lastRemoteEphemeralKey":"BbgSbAn0r3i+I0eHC6kMPldaDiRl5nJInNpkfSRl1dg/","previousCounter":0,"rootKey":"9/n4Frk2xaHyIRb5DNMy48l7sCRieT7QO3xTJe9PdNo="},"indexInfo":{"baseKey":"BYk+SBQIeM4f5RbS1z2lNJ3+vD7xJB3nLzh5cOVUEZEx","baseKeyType":1,"closed":-1,"used":1696126044825,"created":1696126044825,"remoteIdentityKey":"BW18mxaMq6q/Ozd0FZLZVuhcrAoxXjrVYhlboBQF+B8f"},"_chains":{"BcLZd1AiVUbw3iNSQLnPZjWv5/9hf46r/6sM1Oc7iipx":{"chainKey":{"counter":0,"key":"6yk4LjX/qv9SREinyxZ8aWlH87PZqZcmPw/dTycg90M="},"chainType":1,"messageKeys":{}}},"pendingPreKey":{"signedKeyId":14,"baseKey":"BYk+SBQIeM4f5RbS1z2lNJ3+vD7xJB3nLzh5cOVUEZEx","preKeyId":215430}}},"version":"v1"}