{"_sessions":{"BZFKhDyhwbjbg1y03ID6jwuVOQh8oWiAF4/AU+5nAtY/":{"registrationId":35014379,"currentRatchet":{"ephemeralKeyPair":{"pubKey":"BY6odo7ou4Kj9hdZ6fORB+rb3qLKM71LSH4e7cSa/BEa","privKey":"eIzr3a7/vUmIHeExbQZd+13uLXVVzOUyN6rGDQ/c03A="},"lastRemoteEphemeralKey":"Be4Pg+JA0DJuFZveFC7TrpRFcJJ1CAHT61BOXLZPahsT","previousCounter":0,"rootKey":"qFfl/qFE69kKgHh0UglvqnMULFrecyTB3L+nIKrx3io="},"indexInfo":{"baseKey":"BZFKhDyhwbjbg1y03ID6jwuVOQh8oWiAF4/AU+5nAtY/","baseKeyType":2,"closed":-1,"used":1694513379764,"created":1694513379764,"remoteIdentityKey":"BQpx6ABiSafqgdNmIdGdMiK04abPwM+JsWnHN6SIE1cI"},"_chains":{"Be4Pg+JA0DJuFZveFC7TrpRFcJJ1CAHT61BOXLZPahsT":{"chainKey":{"counter":0,"key":"Tc5zYkZMSo5jBAE7Hi+qeRe28RJ8YJO3RQRZdRrH8hI="},"chainType":2,"messageKeys":{}},"BY6odo7ou4Kj9hdZ6fORB+rb3qLKM71LSH4e7cSa/BEa":{"chainKey":{"counter":-1,"key":"Q6cSu1ROqgZU7XLUbg7Q2+TWUnTZgldFGACmUJdog0U="},"chainType":1,"messageKeys":{}}}}},"version":"v1"}