{"_sessions":{"Ber7hkUop3T9bMMOtYwj7J8FbuEMCjpmr7RvgjR9iosQ":{"registrationId":827467820,"currentRatchet":{"ephemeralKeyPair":{"pubKey":"BTOzeS+IB6k+tUKtCOUxL9fccQN26WofOSmCRnZuwgkk","privKey":"+CsXmM9s9yo0Ef21LnbEVUEh9hCVCrTg/vAI6EtLukA="},"lastRemoteEphemeralKey":"BU9jxny3WAXElWXQYH2KjRZwlTYOTsnUI0RyEfPiIigz","previousCounter":0,"rootKey":"JlGc/qKGt7ZmTDaOJSVbU3WkxzKQIyC8MBL6sORho+U="},"indexInfo":{"baseKey":"Ber7hkUop3T9bMMOtYwj7J8FbuEMCjpmr7RvgjR9iosQ","baseKeyType":2,"closed":1696126027025,"used":1696126026949,"created":1696126026949,"remoteIdentityKey":"BSV/V31Og1Al8BXCPDWHz4OMKTGe4VpWsV+LMp8qGSUK"},"_chains":{"BU9jxny3WAXElWXQYH2KjRZwlTYOTsnUI0RyEfPiIigz":{"chainKey":{"counter":1,"key":"xTBFDEFm6hu+qjsvdrtS1IA81T4qDbh7ZyJAPGo3ASw="},"chainType":2,"messageKeys":{}},"BTOzeS+IB6k+tUKtCOUxL9fccQN26WofOSmCRnZuwgkk":{"chainKey":{"counter":-1,"key":"xpKxfvIdUlTfT2quKsDBoOZGdAucwqNFt0huvMf8z/E="},"chainType":1,"messageKeys":{}}}},"BZTmm5lcWwU1gGJ5zuVH6IHMagXmLs6dN9ePgPFdSc9g":{"registrationId":827467820,"currentRatchet":{"ephemeralKeyPair":{"pubKey":"BQKijY1jrvf7jlJhmFM9tCS2zpOAYQIu5gzQHJrpTUMB","privKey":"+J/PK8TglV3EiTUvnH7IezDsjkdck4aJR6hd/qduzGQ="},"lastRemoteEphemeralKey":"BX1nsKis6Zn52FR/t7DodGexYOC5QTsc0/HsXzvpXx0u","previousCounter":0,"rootKey":"oSPrXoqHiLokTwbdDwAR5M68kjRH/CFMq4sT3DC4qU8="},"indexInfo":{"baseKey":"BZTmm5lcWwU1gGJ5zuVH6IHMagXmLs6dN9ePgPFdSc9g","baseKeyType":1,"closed":-1,"used":1696126041861,"created":1696126027011,"remoteIdentityKey":"BSV/V31Og1Al8BXCPDWHz4OMKTGe4VpWsV+LMp8qGSUK"},"_chains":{"BX1nsKis6Zn52FR/t7DodGexYOC5QTsc0/HsXzvpXx0u":{"chainKey":{"counter":6,"key":"QuTwT1YxvVvGwjqflehfZ1Cgus4LHPYAyMHDxKZKCOw="},"chainType":2,"messageKeys":{}},"BQKijY1jrvf7jlJhmFM9tCS2zpOAYQIu5gzQHJrpTUMB":{"chainKey":{"counter":1,"key":"/xIh/xdebRuhK8Co00AfZb2vQz4F5eCf+e7A4mcPCNk="},"chainType":1,"messageKeys":{}}}}},"version":"v1"}