{"_sessions":{"BZIrer66V4JhvuozytMQmu+EabcXaCvw/1dWwOuSWsUA":{"registrationId":346354939,"currentRatchet":{"ephemeralKeyPair":{"pubKey":"BcavD1zs13QaUjehKM7bgjZf40dY6oMl5jnteicQqxRV","privKey":"SNt08HEpVmtbhapzCaSaKUp0DsJMDmlfJkV5DMSJqk0="},"lastRemoteEphemeralKey":"BYsGzBdZD7+AdqfulqaVONdWFJss8nqDHlYy65hMIr1R","previousCounter":0,"rootKey":"UKeu0HGmNFelwZ2zNNb+wewx8VuvGAV4MkBJ8fziIiM="},"indexInfo":{"baseKey":"BZIrer66V4JhvuozytMQmu+EabcXaCvw/1dWwOuSWsUA","baseKeyType":2,"closed":-1,"used":1694513193175,"created":1694512867942,"remoteIdentityKey":"BaTaXm2pMN5cHnwahklBwTCtZrMWUr2Wg952HrejHEAY"},"_chains":{"BbGI9JqoN29jIKNRCtIH2wLwmMGdFd40dEhaHTgxG2E7":{"chainKey":{"counter":0},"chainType":2,"messageKeys":{}},"BQ54ygSa9GP5GrzgRniFxWfK9st0sloPLDDLgr86xr9V":{"chainKey":{"counter":1},"chainType":2,"messageKeys":{}},"BcYuc0+XnLWXw6/DyCc4eSDMucimjGQm36KPy1xeHjM9":{"chainKey":{"counter":1},"chainType":2,"messageKeys":{}},"BYsGzBdZD7+AdqfulqaVONdWFJss8nqDHlYy65hMIr1R":{"chainKey":{"counter":1,"key":"tAfqtLAG25QXmuhHzuttaOZWXSCs89sIGmfw/QuXvEI="},"chainType":2,"messageKeys":{}},"BcavD1zs13QaUjehKM7bgjZf40dY6oMl5jnteicQqxRV":{"chainKey":{"counter":0,"key":"skyQ7KbGas40SKryjNbi6PDfFTJ+SshTvf+m4Q12bbs="},"chainType":1,"messageKeys":{}}}}},"version":"v1"}