{"_sessions":{"BczXw4N7Y1TKrpPO3TwnEGEU1ifEd5ahJYWOqAX4oDde":{"registrationId":1012210398,"currentRatchet":{"ephemeralKeyPair":{"pubKey":"BVgNpm0o3phHsImS8GFl7i3f9+qfISFTAoQaEIBQBYwO","privKey":"AEaFg783yzt3e73s9b3zNK60BjTUgusjMFIW9BgCTUQ="},"lastRemoteEphemeralKey":"BalkUjjdCVvNsRQzRoX208Ph7ovypBL8L2OeQl9+GB5+","previousCounter":0,"rootKey":"mIfPrrcrxAV1Xh6+fOEUMTpjOnB99/vTT+qtkVaLNfw="},"indexInfo":{"baseKey":"BczXw4N7Y1TKrpPO3TwnEGEU1ifEd5ahJYWOqAX4oDde","baseKeyType":1,"closed":-1,"used":1694512807372,"created":1694512807372,"remoteIdentityKey":"BVzmaWaF5AnlkDfc05hcjNhFcQNEB7H4GqLlgrU2oMZu"},"_chains":{"BVgNpm0o3phHsImS8GFl7i3f9+qfISFTAoQaEIBQBYwO":{"chainKey":{"counter":10,"key":"ZdSSpkMEYaUmv6hVwKXbAbDwDLgzfQVJ8k4IG+l8hI0="},"chainType":1,"messageKeys":{}}},"pendingPreKey":{"signedKeyId":9,"baseKey":"BczXw4N7Y1TKrpPO3TwnEGEU1ifEd5ahJYWOqAX4oDde","preKeyId":7934449}}},"version":"v1"}