{"_sessions":{"BSG9UibhN+XXZrfbgnLNtbxvzqvKoT63Cw4nFMQdfO4Y":{"registrationId":11961492,"currentRatchet":{"ephemeralKeyPair":{"pubKey":"BbG2PoyccuCDbQqJen8MehqYc0nNGRmQ7Sh8ZK+qxUtA","privKey":"oGiuUIA4uG4rZmbBrKSCXMk8P/baNDZxBkB8BMSGrFQ="},"lastRemoteEphemeralKey":"Bd7tlNolrp7ZH56GI2wClw6ChycpXHT3PegOEcFhswl/","previousCounter":0,"rootKey":"2alhOSq/0l7FBeLZHjeGZj3a+349SnqLEUQPGO1V0kg="},"indexInfo":{"baseKey":"BSG9UibhN+XXZrfbgnLNtbxvzqvKoT63Cw4nFMQdfO4Y","baseKeyType":1,"closed":-1,"used":1696126044831,"created":1696126044831,"remoteIdentityKey":"Bf5beCZt/D4X5kYpQXPc5fGw2VLk74mwszB+2nb5Jy4S"},"_chains":{"BbG2PoyccuCDbQqJen8MehqYc0nNGRmQ7Sh8ZK+qxUtA":{"chainKey":{"counter":0,"key":"9k79J7TgpDKHIeJFWyIhmajqBuneQnoP+l1iKXTs71c="},"chainType":1,"messageKeys":{}}},"pendingPreKey":{"signedKeyId":0,"baseKey":"BSG9UibhN+XXZrfbgnLNtbxvzqvKoT63Cw4nFMQdfO4Y","preKeyId":8525739}}},"version":"v1"}