{"_sessions":{"BYpyAcsA5JX8GLMzHJWlpZ+cJ1lJphCTRbyrvbdTsxUa":{"registrationId":1829368577,"currentRatchet":{"ephemeralKeyPair":{"pubKey":"BbpZTGk4eiCkYkgauWm+8XATXVbUp4A1YLKo0B0y4t5Y","privKey":"CAqIoGen0f4xzSQ6i/z42HUsUYLLmeoTeYRaPW4m5VY="},"lastRemoteEphemeralKey":"BVCRAgOooDOTsG9ShFOhewTYjLds3fUUlaSCn5ydTa1X","previousCounter":0,"rootKey":"Afvi1x+v+VefrrZ//EvYqplu2Uv2iNSp9M2c1tji/80="},"indexInfo":{"baseKey":"BYpyAcsA5JX8GLMzHJWlpZ+cJ1lJphCTRbyrvbdTsxUa","baseKeyType":1,"closed":-1,"used":1696126043391,"created":1696126043391,"remoteIdentityKey":"BbhS+Eudk/QHrJn4US589TVcJipOoikYM9JoaHwJANBH"},"_chains":{"BbpZTGk4eiCkYkgauWm+8XATXVbUp4A1YLKo0B0y4t5Y":{"chainKey":{"counter":0,"key":"YQHlfJ9MFWmCdm90GxabJsDWnh9a13CyDXMYf0y87Fo="},"chainType":1,"messageKeys":{}}},"pendingPreKey":{"signedKeyId":0,"baseKey":"BYpyAcsA5JX8GLMzHJWlpZ+cJ1lJphCTRbyrvbdTsxUa","preKeyId":320277}}},"version":"v1"}