{"_sessions":{"BdjNtf7tUGYFBdYn8OhA68dFs1+3rLLH1euiWJqUlkVB":{"registrationId":1818743297,"currentRatchet":{"ephemeralKeyPair":{"pubKey":"BYUtBPOrQhHV4hAvNShickpTjXL5NTIECaG16+/PQ8xs","privKey":"AEe4+NWUKChyCxGsjWNRmqVjfHXttu+aYWN7cKWOeW4="},"lastRemoteEphemeralKey":"BZ2eqC5+JxWn/C3tuRKHJtK/vsmwgQC2CNwWvxH06Ghp","previousCounter":0,"rootKey":"cJcmtNicEvcIHdaP84Tn6On4Np/LYgbqmw+Wt8d1rjE="},"indexInfo":{"baseKey":"BdjNtf7tUGYFBdYn8OhA68dFs1+3rLLH1euiWJqUlkVB","baseKeyType":2,"closed":-1,"used":1694512985180,"created":1694512985180,"remoteIdentityKey":"BbTIZiAyxdjT2Jia0HF2XiYOLMUMaKIxP8w+z07RdDlf"},"_chains":{"BZ2eqC5+JxWn/C3tuRKHJtK/vsmwgQC2CNwWvxH06Ghp":{"chainKey":{"counter":1,"key":"72gfO9vUcHFQJXbnaa9Eqp2YZKIMyi3ne06YDuzOXnA="},"chainType":2,"messageKeys":{}},"BYUtBPOrQhHV4hAvNShickpTjXL5NTIECaG16+/PQ8xs":{"chainKey":{"counter":-1,"key":"hzGCHLQXKe2zy7wxytuhvYfpMDT1GoZ8ifhihft7zaA="},"chainType":1,"messageKeys":{}}}}},"version":"v1"}