{"_sessions":{"BY8lLdE7XuhuH7UQOFuX29NH+NuetvQMPJ69jiw6Tk8C":{"registrationId":346354939,"currentRatchet":{"ephemeralKeyPair":{"pubKey":"BbvIrAGeb5QMmXyvlLArseV2MIZNZYz+OocQfxfhDtsp","privKey":"SF9VDjiylS9CU3Pq7DqKkRQKsA2fZHILH9ZsRldhM2E="},"lastRemoteEphemeralKey":"BTLAQhLTStn0/6STHS3UC1cQDBdTZqfDT8s4DAsW/YN4","previousCounter":0,"rootKey":"iDA8DWBEbjZIJSmfAbmQlPGDZAQHiMPmg075WUZ7Sf4="},"indexInfo":{"baseKey":"BY8lLdE7XuhuH7UQOFuX29NH+NuetvQMPJ69jiw6Tk8C","baseKeyType":1,"closed":-1,"used":1696126043396,"created":1696126043396,"remoteIdentityKey":"BaTaXm2pMN5cHnwahklBwTCtZrMWUr2Wg952HrejHEAY"},"_chains":{"BbvIrAGeb5QMmXyvlLArseV2MIZNZYz+OocQfxfhDtsp":{"chainKey":{"counter":0,"key":"jxeDywMx+kWFe+/L3nzEEBSWmr3GNiGQG2C5/oqS/3c="},"chainType":1,"messageKeys":{}}},"pendingPreKey":{"signedKeyId":1,"baseKey":"BY8lLdE7XuhuH7UQOFuX29NH+NuetvQMPJ69jiw6Tk8C","preKeyId":969316}}},"version":"v1"}